"","url","image","name","price"
"1","https://scrapeme.live/shop/Bulbasaur/","https://scrapeme.live/wp-content/uploads/2018/08/001-350x350.png","Bulbasaur","£63.00"
"2","https://scrapeme.live/shop/Ivysaur/","https://scrapeme.live/wp-content/uploads/2018/08/002-350x350.png","Ivysaur","£87.00"
"3","https://scrapeme.live/shop/Venusaur/","https://scrapeme.live/wp-content/uploads/2018/08/003-350x350.png","Venusaur","£105.00"
"4","https://scrapeme.live/shop/Charmander/","https://scrapeme.live/wp-content/uploads/2018/08/004-350x350.png","Charmander","£48.00"
"5","https://scrapeme.live/shop/Charmeleon/","https://scrapeme.live/wp-content/uploads/2018/08/005-350x350.png","Charmeleon","£165.00"
"6","https://scrapeme.live/shop/Charizard/","https://scrapeme.live/wp-content/uploads/2018/08/006-350x350.png","Charizard","£156.00"
"7","https://scrapeme.live/shop/Squirtle/","https://scrapeme.live/wp-content/uploads/2018/08/007-350x350.png","Squirtle","£130.00"
"8","https://scrapeme.live/shop/Wartortle/","https://scrapeme.live/wp-content/uploads/2018/08/008-350x350.png","Wartortle","£123.00"
"9","https://scrapeme.live/shop/Blastoise/","https://scrapeme.live/wp-content/uploads/2018/08/009-350x350.png","Blastoise","£76.00"
"10","https://scrapeme.live/shop/Caterpie/","https://scrapeme.live/wp-content/uploads/2018/08/010-350x350.png","Caterpie","£73.00"
"11","https://scrapeme.live/shop/Metapod/","https://scrapeme.live/wp-content/uploads/2018/08/011-350x350.png","Metapod","£148.00"
"12","https://scrapeme.live/shop/Butterfree/","https://scrapeme.live/wp-content/uploads/2018/08/012-350x350.png","Butterfree","£162.00"
"13","https://scrapeme.live/shop/Weedle/","https://scrapeme.live/wp-content/uploads/2018/08/013-350x350.png","Weedle","£25.00"
"14","https://scrapeme.live/shop/Kakuna/","https://scrapeme.live/wp-content/uploads/2018/08/014-350x350.png","Kakuna","£148.00"
"15","https://scrapeme.live/shop/Beedrill/","https://scrapeme.live/wp-content/uploads/2018/08/015-350x350.png","Beedrill","£168.00"
"16","https://scrapeme.live/shop/Pidgey/","https://scrapeme.live/wp-content/uploads/2018/08/016-350x350.png","Pidgey","£159.00"
"17","https://scrapeme.live/shop/Pidgeotto/","https://scrapeme.live/wp-content/uploads/2018/08/017-350x350.png","Pidgeotto","£84.00"
"18","https://scrapeme.live/shop/Pidgeot/","https://scrapeme.live/wp-content/uploads/2018/08/018-350x350.png","Pidgeot","£185.00"
"19","https://scrapeme.live/shop/Rattata/","https://scrapeme.live/wp-content/uploads/2018/08/019-350x350.png","Rattata","£128.00"
"20","https://scrapeme.live/shop/Raticate/","https://scrapeme.live/wp-content/uploads/2018/08/020-350x350.png","Raticate","£60.00"
"21","https://scrapeme.live/shop/Spearow/","https://scrapeme.live/wp-content/uploads/2018/08/021-350x350.png","Spearow","£133.00"
"22","https://scrapeme.live/shop/Fearow/","https://scrapeme.live/wp-content/uploads/2018/08/022-350x350.png","Fearow","£95.00"
"23","https://scrapeme.live/shop/Ekans/","https://scrapeme.live/wp-content/uploads/2018/08/023-350x350.png","Ekans","£55.00"
"24","https://scrapeme.live/shop/Arbok/","https://scrapeme.live/wp-content/uploads/2018/08/024-350x350.png","Arbok","£182.00"
"25","https://scrapeme.live/shop/Pikachu/","https://scrapeme.live/wp-content/uploads/2018/08/025-350x350.png","Pikachu","£37.00"
"26","https://scrapeme.live/shop/Raichu/","https://scrapeme.live/wp-content/uploads/2018/08/026-350x350.png","Raichu","£140.00"
"27","https://scrapeme.live/shop/Sandshrew/","https://scrapeme.live/wp-content/uploads/2018/08/027-350x350.png","Sandshrew","£82.00"
"28","https://scrapeme.live/shop/Sandslash/","https://scrapeme.live/wp-content/uploads/2018/08/028-350x350.png","Sandslash","£155.00"
"29","https://scrapeme.live/shop/Nidorina/","https://scrapeme.live/wp-content/uploads/2018/08/030-350x350.png","Nidorina","£28.00"
"30","https://scrapeme.live/shop/Nidoqueen/","https://scrapeme.live/wp-content/uploads/2018/08/031-350x350.png","Nidoqueen","£106.00"
"31","https://scrapeme.live/shop/Nidorino/","https://scrapeme.live/wp-content/uploads/2018/08/033-350x350.png","Nidorino","£179.00"
"32","https://scrapeme.live/shop/Nidoking/","https://scrapeme.live/wp-content/uploads/2018/08/034-350x350.png","Nidoking","£31.00"
"33","https://scrapeme.live/shop/Clefairy/","https://scrapeme.live/wp-content/uploads/2018/08/035-350x350.png","Clefairy","£160.00"
"34","https://scrapeme.live/shop/Clefable/","https://scrapeme.live/wp-content/uploads/2018/08/036-350x350.png","Clefable","£188.00"
"35","https://scrapeme.live/shop/Vulpix/","https://scrapeme.live/wp-content/uploads/2018/08/037-350x350.png","Vulpix","£85.00"
"36","https://scrapeme.live/shop/Ninetales/","https://scrapeme.live/wp-content/uploads/2018/08/038-350x350.png","Ninetales","£52.00"
"37","https://scrapeme.live/shop/Jigglypuff/","https://scrapeme.live/wp-content/uploads/2018/08/039-350x350.png","Jigglypuff","£61.00"
"38","https://scrapeme.live/shop/Wigglytuff/","https://scrapeme.live/wp-content/uploads/2018/08/040-350x350.png","Wigglytuff","£130.00"
"39","https://scrapeme.live/shop/Zubat/","https://scrapeme.live/wp-content/uploads/2018/08/041-350x350.png","Zubat","£125.00"
"40","https://scrapeme.live/shop/Golbat/","https://scrapeme.live/wp-content/uploads/2018/08/042-350x350.png","Golbat","£136.00"
"41","https://scrapeme.live/shop/Oddish/","https://scrapeme.live/wp-content/uploads/2018/08/043-350x350.png","Oddish","£45.00"
"42","https://scrapeme.live/shop/Gloom/","https://scrapeme.live/wp-content/uploads/2018/08/044-350x350.png","Gloom","£178.00"
"43","https://scrapeme.live/shop/Vileplume/","https://scrapeme.live/wp-content/uploads/2018/08/045-350x350.png","Vileplume","£170.00"
"44","https://scrapeme.live/shop/Paras/","https://scrapeme.live/wp-content/uploads/2018/08/046-350x350.png","Paras","£168.00"
"45","https://scrapeme.live/shop/Parasect/","https://scrapeme.live/wp-content/uploads/2018/08/047-350x350.png","Parasect","£27.00"
"46","https://scrapeme.live/shop/Venonat/","https://scrapeme.live/wp-content/uploads/2018/08/048-350x350.png","Venonat","£158.00"
"47","https://scrapeme.live/shop/Venomoth/","https://scrapeme.live/wp-content/uploads/2018/08/049-350x350.png","Venomoth","£53.00"
"48","https://scrapeme.live/shop/Diglett/","https://scrapeme.live/wp-content/uploads/2018/08/050-350x350.png","Diglett","£122.00"
"49","https://scrapeme.live/shop/Dugtrio/","https://scrapeme.live/wp-content/uploads/2018/08/051-350x350.png","Dugtrio","£111.00"
"50","https://scrapeme.live/shop/Meowth/","https://scrapeme.live/wp-content/uploads/2018/08/052-350x350.png","Meowth","£131.00"
"51","https://scrapeme.live/shop/Persian/","https://scrapeme.live/wp-content/uploads/2018/08/053-350x350.png","Persian","£200.00"
"52","https://scrapeme.live/shop/Psyduck/","https://scrapeme.live/wp-content/uploads/2018/08/054-350x350.png","Psyduck","£182.00"
"53","https://scrapeme.live/shop/Golduck/","https://scrapeme.live/wp-content/uploads/2018/08/055-350x350.png","Golduck","£31.00"
"54","https://scrapeme.live/shop/Mankey/","https://scrapeme.live/wp-content/uploads/2018/08/056-350x350.png","Mankey","£125.00"
"55","https://scrapeme.live/shop/Primeape/","https://scrapeme.live/wp-content/uploads/2018/08/057-350x350.png","Primeape","£86.00"
"56","https://scrapeme.live/shop/Growlithe/","https://scrapeme.live/wp-content/uploads/2018/08/058-350x350.png","Growlithe","£30.00"
"57","https://scrapeme.live/shop/Arcanine/","https://scrapeme.live/wp-content/uploads/2018/08/059-350x350.png","Arcanine","£69.00"
"58","https://scrapeme.live/shop/Poliwag/","https://scrapeme.live/wp-content/uploads/2018/08/060-350x350.png","Poliwag","£174.00"
"59","https://scrapeme.live/shop/Poliwhirl/","https://scrapeme.live/wp-content/uploads/2018/08/061-350x350.png","Poliwhirl","£121.00"
"60","https://scrapeme.live/shop/Poliwrath/","https://scrapeme.live/wp-content/uploads/2018/08/062-350x350.png","Poliwrath","£152.00"
"61","https://scrapeme.live/shop/Abra/","https://scrapeme.live/wp-content/uploads/2018/08/063-350x350.png","Abra","£141.00"
"62","https://scrapeme.live/shop/Kadabra/","https://scrapeme.live/wp-content/uploads/2018/08/064-350x350.png","Kadabra","£129.00"
"63","https://scrapeme.live/shop/Alakazam/","https://scrapeme.live/wp-content/uploads/2018/08/065-350x350.png","Alakazam","£40.00"
"64","https://scrapeme.live/shop/Machop/","https://scrapeme.live/wp-content/uploads/2018/08/066-350x350.png","Machop","£166.00"
"65","https://scrapeme.live/shop/Machoke/","https://scrapeme.live/wp-content/uploads/2018/08/067-350x350.png","Machoke","£27.00"
"66","https://scrapeme.live/shop/Machamp/","https://scrapeme.live/wp-content/uploads/2018/08/068-350x350.png","Machamp","£121.00"
"67","https://scrapeme.live/shop/Bellsprout/","https://scrapeme.live/wp-content/uploads/2018/08/069-350x350.png","Bellsprout","£74.00"
"68","https://scrapeme.live/shop/Weepinbell/","https://scrapeme.live/wp-content/uploads/2018/08/070-350x350.png","Weepinbell","£26.00"
"69","https://scrapeme.live/shop/Victreebel/","https://scrapeme.live/wp-content/uploads/2018/08/071-350x350.png","Victreebel","£68.00"
"70","https://scrapeme.live/shop/Tentacool/","https://scrapeme.live/wp-content/uploads/2018/08/072-350x350.png","Tentacool","£186.00"
"71","https://scrapeme.live/shop/Tentacruel/","https://scrapeme.live/wp-content/uploads/2018/08/073-350x350.png","Tentacruel","£65.00"
"72","https://scrapeme.live/shop/Geodude/","https://scrapeme.live/wp-content/uploads/2018/08/074-350x350.png","Geodude","£32.00"
"73","https://scrapeme.live/shop/Graveler/","https://scrapeme.live/wp-content/uploads/2018/08/075-350x350.png","Graveler","£182.00"
"74","https://scrapeme.live/shop/Golem/","https://scrapeme.live/wp-content/uploads/2018/08/076-350x350.png","Golem","£103.00"
"75","https://scrapeme.live/shop/Ponyta/","https://scrapeme.live/wp-content/uploads/2018/08/077-350x350.png","Ponyta","£53.00"
"76","https://scrapeme.live/shop/Rapidash/","https://scrapeme.live/wp-content/uploads/2018/08/078-350x350.png","Rapidash","£98.00"
"77","https://scrapeme.live/shop/Slowpoke/","https://scrapeme.live/wp-content/uploads/2018/08/079-350x350.png","Slowpoke","£109.00"
"78","https://scrapeme.live/shop/Slowbro/","https://scrapeme.live/wp-content/uploads/2018/08/080-350x350.png","Slowbro","£179.00"
"79","https://scrapeme.live/shop/Magnemite/","https://scrapeme.live/wp-content/uploads/2018/08/081-350x350.png","Magnemite","£100.00"
"80","https://scrapeme.live/shop/Magneton/","https://scrapeme.live/wp-content/uploads/2018/08/082-350x350.png","Magneton","£191.00"
"81","https://scrapeme.live/shop/Farfetchd/","https://scrapeme.live/wp-content/uploads/2018/08/083-350x350.png","Farfetchd","£185.00"
"82","https://scrapeme.live/shop/Doduo/","https://scrapeme.live/wp-content/uploads/2018/08/084-350x350.png","Doduo","£73.00"
"83","https://scrapeme.live/shop/Dodrio/","https://scrapeme.live/wp-content/uploads/2018/08/085-350x350.png","Dodrio","£138.00"
"84","https://scrapeme.live/shop/Seel/","https://scrapeme.live/wp-content/uploads/2018/08/086-350x350.png","Seel","£164.00"
"85","https://scrapeme.live/shop/Dewgong/","https://scrapeme.live/wp-content/uploads/2018/08/087-350x350.png","Dewgong","£70.00"
"86","https://scrapeme.live/shop/Grimer/","https://scrapeme.live/wp-content/uploads/2018/08/088-350x350.png","Grimer","£147.00"
"87","https://scrapeme.live/shop/Muk/","https://scrapeme.live/wp-content/uploads/2018/08/089-350x350.png","Muk","£187.00"
"88","https://scrapeme.live/shop/Shellder/","https://scrapeme.live/wp-content/uploads/2018/08/090-350x350.png","Shellder","£138.00"
"89","https://scrapeme.live/shop/Cloyster/","https://scrapeme.live/wp-content/uploads/2018/08/091-350x350.png","Cloyster","£199.00"
"90","https://scrapeme.live/shop/Gastly/","https://scrapeme.live/wp-content/uploads/2018/08/092-350x350.png","Gastly","£179.00"
"91","https://scrapeme.live/shop/Haunter/","https://scrapeme.live/wp-content/uploads/2018/08/093-350x350.png","Haunter","£42.00"
"92","https://scrapeme.live/shop/Gengar/","https://scrapeme.live/wp-content/uploads/2018/08/094-350x350.png","Gengar","£149.00"
"93","https://scrapeme.live/shop/Onix/","https://scrapeme.live/wp-content/uploads/2018/08/095-350x350.png","Onix","£37.00"
"94","https://scrapeme.live/shop/Drowzee/","https://scrapeme.live/wp-content/uploads/2018/08/096-350x350.png","Drowzee","£40.00"
"95","https://scrapeme.live/shop/Hypno/","https://scrapeme.live/wp-content/uploads/2018/08/097-350x350.png","Hypno","£198.00"
"96","https://scrapeme.live/shop/Krabby/","https://scrapeme.live/wp-content/uploads/2018/08/098-350x350.png","Krabby","£64.00"
"97","https://scrapeme.live/shop/Kingler/","https://scrapeme.live/wp-content/uploads/2018/08/099-350x350.png","Kingler","£72.00"
"98","https://scrapeme.live/shop/Voltorb/","https://scrapeme.live/wp-content/uploads/2018/08/100-350x350.png","Voltorb","£189.00"
"99","https://scrapeme.live/shop/Electrode/","https://scrapeme.live/wp-content/uploads/2018/08/101-350x350.png","Electrode","£100.00"
"100","https://scrapeme.live/shop/Exeggcute/","https://scrapeme.live/wp-content/uploads/2018/08/102-350x350.png","Exeggcute","£126.00"
"101","https://scrapeme.live/shop/Exeggutor/","https://scrapeme.live/wp-content/uploads/2018/08/103-350x350.png","Exeggutor","£68.00"
"102","https://scrapeme.live/shop/Cubone/","https://scrapeme.live/wp-content/uploads/2018/08/104-350x350.png","Cubone","£177.00"
"103","https://scrapeme.live/shop/Marowak/","https://scrapeme.live/wp-content/uploads/2018/08/105-350x350.png","Marowak","£36.00"
"104","https://scrapeme.live/shop/Hitmonlee/","https://scrapeme.live/wp-content/uploads/2018/08/106-350x350.png","Hitmonlee","£73.00"
"105","https://scrapeme.live/shop/Hitmonchan/","https://scrapeme.live/wp-content/uploads/2018/08/107-350x350.png","Hitmonchan","£91.00"
"106","https://scrapeme.live/shop/Lickitung/","https://scrapeme.live/wp-content/uploads/2018/08/108-350x350.png","Lickitung","£142.00"
"107","https://scrapeme.live/shop/Koffing/","https://scrapeme.live/wp-content/uploads/2018/08/109-350x350.png","Koffing","£38.00"
"108","https://scrapeme.live/shop/Weezing/","https://scrapeme.live/wp-content/uploads/2018/08/110-350x350.png","Weezing","£48.00"
"109","https://scrapeme.live/shop/Rhyhorn/","https://scrapeme.live/wp-content/uploads/2018/08/111-350x350.png","Rhyhorn","£124.00"
"110","https://scrapeme.live/shop/Rhydon/","https://scrapeme.live/wp-content/uploads/2018/08/112-350x350.png","Rhydon","£27.00"
"111","https://scrapeme.live/shop/Chansey/","https://scrapeme.live/wp-content/uploads/2018/08/113-350x350.png","Chansey","£176.00"
"112","https://scrapeme.live/shop/Tangela/","https://scrapeme.live/wp-content/uploads/2018/08/114-350x350.png","Tangela","£64.00"
"113","https://scrapeme.live/shop/Kangaskhan/","https://scrapeme.live/wp-content/uploads/2018/08/115-350x350.png","Kangaskhan","£164.00"
"114","https://scrapeme.live/shop/Horsea/","https://scrapeme.live/wp-content/uploads/2018/08/116-350x350.png","Horsea","£154.00"
"115","https://scrapeme.live/shop/Seadra/","https://scrapeme.live/wp-content/uploads/2018/08/117-350x350.png","Seadra","£51.00"
"116","https://scrapeme.live/shop/Goldeen/","https://scrapeme.live/wp-content/uploads/2018/08/118-350x350.png","Goldeen","£170.00"
"117","https://scrapeme.live/shop/Seaking/","https://scrapeme.live/wp-content/uploads/2018/08/119-350x350.png","Seaking","£129.00"
"118","https://scrapeme.live/shop/Staryu/","https://scrapeme.live/wp-content/uploads/2018/08/120-350x350.png","Staryu","£166.00"
"119","https://scrapeme.live/shop/Starmie/","https://scrapeme.live/wp-content/uploads/2018/08/121-350x350.png","Starmie","£176.00"
"120","https://scrapeme.live/shop/Mr-mime/","https://scrapeme.live/wp-content/uploads/2018/08/122-350x350.png","Mr-mime","£144.00"
"121","https://scrapeme.live/shop/Scyther/","https://scrapeme.live/wp-content/uploads/2018/08/123-350x350.png","Scyther","£85.00"
"122","https://scrapeme.live/shop/Jynx/","https://scrapeme.live/wp-content/uploads/2018/08/124-350x350.png","Jynx","£138.00"
"123","https://scrapeme.live/shop/Electabuzz/","https://scrapeme.live/wp-content/uploads/2018/08/125-350x350.png","Electabuzz","£125.00"
"124","https://scrapeme.live/shop/Magmar/","https://scrapeme.live/wp-content/uploads/2018/08/126-350x350.png","Magmar","£130.00"
"125","https://scrapeme.live/shop/Pinsir/","https://scrapeme.live/wp-content/uploads/2018/08/127-350x350.png","Pinsir","£141.00"
"126","https://scrapeme.live/shop/Tauros/","https://scrapeme.live/wp-content/uploads/2018/08/128-350x350.png","Tauros","£63.00"
"127","https://scrapeme.live/shop/Magikarp/","https://scrapeme.live/wp-content/uploads/2018/08/129-350x350.png","Magikarp","£43.00"
"128","https://scrapeme.live/shop/Gyarados/","https://scrapeme.live/wp-content/uploads/2018/08/130-350x350.png","Gyarados","£79.00"
"129","https://scrapeme.live/shop/Lapras/","https://scrapeme.live/wp-content/uploads/2018/08/131-350x350.png","Lapras","£172.00"
"130","https://scrapeme.live/shop/Ditto/","https://scrapeme.live/wp-content/uploads/2018/08/132-350x350.png","Ditto","£75.00"
"131","https://scrapeme.live/shop/Eevee/","https://scrapeme.live/wp-content/uploads/2018/08/133-350x350.png","Eevee","£112.00"
"132","https://scrapeme.live/shop/Vaporeon/","https://scrapeme.live/wp-content/uploads/2018/08/134-350x350.png","Vaporeon","£147.00"
"133","https://scrapeme.live/shop/Jolteon/","https://scrapeme.live/wp-content/uploads/2018/08/135-350x350.png","Jolteon","£158.00"
"134","https://scrapeme.live/shop/Flareon/","https://scrapeme.live/wp-content/uploads/2018/08/136-350x350.png","Flareon","£34.00"
"135","https://scrapeme.live/shop/Porygon/","https://scrapeme.live/wp-content/uploads/2018/08/137-350x350.png","Porygon","£178.00"
"136","https://scrapeme.live/shop/Omanyte/","https://scrapeme.live/wp-content/uploads/2018/08/138-350x350.png","Omanyte","£162.00"
"137","https://scrapeme.live/shop/Omastar/","https://scrapeme.live/wp-content/uploads/2018/08/139-350x350.png","Omastar","£61.00"
"138","https://scrapeme.live/shop/Kabuto/","https://scrapeme.live/wp-content/uploads/2018/08/140-350x350.png","Kabuto","£79.00"
"139","https://scrapeme.live/shop/Kabutops/","https://scrapeme.live/wp-content/uploads/2018/08/141-350x350.png","Kabutops","£57.00"
"140","https://scrapeme.live/shop/Aerodactyl/","https://scrapeme.live/wp-content/uploads/2018/08/142-350x350.png","Aerodactyl","£56.00"
"141","https://scrapeme.live/shop/Snorlax/","https://scrapeme.live/wp-content/uploads/2018/08/143-350x350.png","Snorlax","£134.00"
"142","https://scrapeme.live/shop/Articuno/","https://scrapeme.live/wp-content/uploads/2018/08/144-350x350.png","Articuno","£77.00"
"143","https://scrapeme.live/shop/Zapdos/","https://scrapeme.live/wp-content/uploads/2018/08/145-350x350.png","Zapdos","£133.00"
"144","https://scrapeme.live/shop/Moltres/","https://scrapeme.live/wp-content/uploads/2018/08/146-350x350.png","Moltres","£178.00"
"145","https://scrapeme.live/shop/Dratini/","https://scrapeme.live/wp-content/uploads/2018/08/147-350x350.png","Dratini","£94.00"
"146","https://scrapeme.live/shop/Dragonair/","https://scrapeme.live/wp-content/uploads/2018/08/148-350x350.png","Dragonair","£57.00"
"147","https://scrapeme.live/shop/Dragonite/","https://scrapeme.live/wp-content/uploads/2018/08/149-350x350.png","Dragonite","£69.00"
"148","https://scrapeme.live/shop/Mewtwo/","https://scrapeme.live/wp-content/uploads/2018/08/150-350x350.png","Mewtwo","£43.00"
"149","https://scrapeme.live/shop/Mew/","https://scrapeme.live/wp-content/uploads/2018/08/151-350x350.png","Mew","£136.00"
"150","https://scrapeme.live/shop/Chikorita/","https://scrapeme.live/wp-content/uploads/2018/08/152-350x350.png","Chikorita","£127.00"
"151","https://scrapeme.live/shop/Bayleef/","https://scrapeme.live/wp-content/uploads/2018/08/153-350x350.png","Bayleef","£44.00"
"152","https://scrapeme.live/shop/Meganium/","https://scrapeme.live/wp-content/uploads/2018/08/154-350x350.png","Meganium","£163.00"
"153","https://scrapeme.live/shop/Cyndaquil/","https://scrapeme.live/wp-content/uploads/2018/08/155-350x350.png","Cyndaquil","£154.00"
"154","https://scrapeme.live/shop/Quilava/","https://scrapeme.live/wp-content/uploads/2018/08/156-350x350.png","Quilava","£85.00"
"155","https://scrapeme.live/shop/Typhlosion/","https://scrapeme.live/wp-content/uploads/2018/08/157-350x350.png","Typhlosion","£191.00"
"156","https://scrapeme.live/shop/Totodile/","https://scrapeme.live/wp-content/uploads/2018/08/158-350x350.png","Totodile","£190.00"
"157","https://scrapeme.live/shop/Croconaw/","https://scrapeme.live/wp-content/uploads/2018/08/159-350x350.png","Croconaw","£175.00"
"158","https://scrapeme.live/shop/Feraligatr/","https://scrapeme.live/wp-content/uploads/2018/08/160-350x350.png","Feraligatr","£183.00"
"159","https://scrapeme.live/shop/Sentret/","https://scrapeme.live/wp-content/uploads/2018/08/161-350x350.png","Sentret","£48.00"
"160","https://scrapeme.live/shop/Furret/","https://scrapeme.live/wp-content/uploads/2018/08/162-350x350.png","Furret","£154.00"
"161","https://scrapeme.live/shop/Hoothoot/","https://scrapeme.live/wp-content/uploads/2018/08/163-350x350.png","Hoothoot","£48.00"
"162","https://scrapeme.live/shop/Noctowl/","https://scrapeme.live/wp-content/uploads/2018/08/164-350x350.png","Noctowl","£170.00"
"163","https://scrapeme.live/shop/Ledyba/","https://scrapeme.live/wp-content/uploads/2018/08/165-350x350.png","Ledyba","£98.00"
"164","https://scrapeme.live/shop/Ledian/","https://scrapeme.live/wp-content/uploads/2018/08/166-350x350.png","Ledian","£136.00"
"165","https://scrapeme.live/shop/Spinarak/","https://scrapeme.live/wp-content/uploads/2018/08/167-350x350.png","Spinarak","£199.00"
"166","https://scrapeme.live/shop/Ariados/","https://scrapeme.live/wp-content/uploads/2018/08/168-350x350.png","Ariados","£85.00"
"167","https://scrapeme.live/shop/Crobat/","https://scrapeme.live/wp-content/uploads/2018/08/169-350x350.png","Crobat","£195.00"
"168","https://scrapeme.live/shop/Chinchou/","https://scrapeme.live/wp-content/uploads/2018/08/170-350x350.png","Chinchou","£59.00"
"169","https://scrapeme.live/shop/Lanturn/","https://scrapeme.live/wp-content/uploads/2018/08/171-350x350.png","Lanturn","£131.00"
"170","https://scrapeme.live/shop/Pichu/","https://scrapeme.live/wp-content/uploads/2018/08/172-350x350.png","Pichu","£193.00"
"171","https://scrapeme.live/shop/Cleffa/","https://scrapeme.live/wp-content/uploads/2018/08/173-350x350.png","Cleffa","£107.00"
"172","https://scrapeme.live/shop/Igglybuff/","https://scrapeme.live/wp-content/uploads/2018/08/174-350x350.png","Igglybuff","£189.00"
"173","https://scrapeme.live/shop/Togepi/","https://scrapeme.live/wp-content/uploads/2018/08/175-350x350.png","Togepi","£47.00"
"174","https://scrapeme.live/shop/Togetic/","https://scrapeme.live/wp-content/uploads/2018/08/176-350x350.png","Togetic","£69.00"
"175","https://scrapeme.live/shop/Natu/","https://scrapeme.live/wp-content/uploads/2018/08/177-350x350.png","Natu","£99.00"
"176","https://scrapeme.live/shop/Xatu/","https://scrapeme.live/wp-content/uploads/2018/08/178-350x350.png","Xatu","£123.00"
"177","https://scrapeme.live/shop/Mareep/","https://scrapeme.live/wp-content/uploads/2018/08/179-350x350.png","Mareep","£79.00"
"178","https://scrapeme.live/shop/Flaaffy/","https://scrapeme.live/wp-content/uploads/2018/08/180-350x350.png","Flaaffy","£163.00"
"179","https://scrapeme.live/shop/Ampharos/","https://scrapeme.live/wp-content/uploads/2018/08/181-350x350.png","Ampharos","£41.00"
"180","https://scrapeme.live/shop/Bellossom/","https://scrapeme.live/wp-content/uploads/2018/08/182-350x350.png","Bellossom","£25.00"
"181","https://scrapeme.live/shop/Marill/","https://scrapeme.live/wp-content/uploads/2018/08/183-350x350.png","Marill","£127.00"
"182","https://scrapeme.live/shop/Azumarill/","https://scrapeme.live/wp-content/uploads/2018/08/184-350x350.png","Azumarill","£175.00"
"183","https://scrapeme.live/shop/Sudowoodo/","https://scrapeme.live/wp-content/uploads/2018/08/185-350x350.png","Sudowoodo","£54.00"
"184","https://scrapeme.live/shop/Politoed/","https://scrapeme.live/wp-content/uploads/2018/08/186-350x350.png","Politoed","£193.00"
"185","https://scrapeme.live/shop/Hoppip/","https://scrapeme.live/wp-content/uploads/2018/08/187-350x350.png","Hoppip","£107.00"
"186","https://scrapeme.live/shop/Skiploom/","https://scrapeme.live/wp-content/uploads/2018/08/188-350x350.png","Skiploom","£185.00"
"187","https://scrapeme.live/shop/Jumpluff/","https://scrapeme.live/wp-content/uploads/2018/08/189-350x350.png","Jumpluff","£107.00"
"188","https://scrapeme.live/shop/Aipom/","https://scrapeme.live/wp-content/uploads/2018/08/190-350x350.png","Aipom","£182.00"
"189","https://scrapeme.live/shop/Sunkern/","https://scrapeme.live/wp-content/uploads/2018/08/191-350x350.png","Sunkern","£150.00"
"190","https://scrapeme.live/shop/Sunflora/","https://scrapeme.live/wp-content/uploads/2018/08/192-350x350.png","Sunflora","£33.00"
"191","https://scrapeme.live/shop/Yanma/","https://scrapeme.live/wp-content/uploads/2018/08/193-350x350.png","Yanma","£130.00"
"192","https://scrapeme.live/shop/Wooper/","https://scrapeme.live/wp-content/uploads/2018/08/194-350x350.png","Wooper","£98.00"
"193","https://scrapeme.live/shop/Quagsire/","https://scrapeme.live/wp-content/uploads/2018/08/195-350x350.png","Quagsire","£37.00"
"194","https://scrapeme.live/shop/Espeon/","https://scrapeme.live/wp-content/uploads/2018/08/196-350x350.png","Espeon","£177.00"
"195","https://scrapeme.live/shop/Umbreon/","https://scrapeme.live/wp-content/uploads/2018/08/197-350x350.png","Umbreon","£78.00"
"196","https://scrapeme.live/shop/Murkrow/","https://scrapeme.live/wp-content/uploads/2018/08/198-350x350.png","Murkrow","£178.00"
"197","https://scrapeme.live/shop/Slowking/","https://scrapeme.live/wp-content/uploads/2018/08/199-350x350.png","Slowking","£174.00"
"198","https://scrapeme.live/shop/Misdreavus/","https://scrapeme.live/wp-content/uploads/2018/08/200-350x350.png","Misdreavus","£33.00"
"199","https://scrapeme.live/shop/Unown/","https://scrapeme.live/wp-content/uploads/2018/08/201-350x350.png","Unown","£198.00"
"200","https://scrapeme.live/shop/Wobbuffet/","https://scrapeme.live/wp-content/uploads/2018/08/202-350x350.png","Wobbuffet","£107.00"
"201","https://scrapeme.live/shop/Girafarig/","https://scrapeme.live/wp-content/uploads/2018/08/203-350x350.png","Girafarig","£99.00"
"202","https://scrapeme.live/shop/Gligar/","https://scrapeme.live/wp-content/uploads/2018/08/207-350x350.png","Gligar","£112.00"
"203","https://scrapeme.live/shop/Steelix/","https://scrapeme.live/wp-content/uploads/2018/08/208-350x350.png","Steelix","£116.00"
"204","https://scrapeme.live/shop/Snubbull/","https://scrapeme.live/wp-content/uploads/2018/08/209-350x350.png","Snubbull","£63.00"
"205","https://scrapeme.live/shop/Granbull/","https://scrapeme.live/wp-content/uploads/2018/08/210-350x350.png","Granbull","£59.00"
"206","https://scrapeme.live/shop/Qwilfish/","https://scrapeme.live/wp-content/uploads/2018/08/211-350x350.png","Qwilfish","£77.00"
"207","https://scrapeme.live/shop/Scizor/","https://scrapeme.live/wp-content/uploads/2018/08/212-350x350.png","Scizor","£172.00"
"208","https://scrapeme.live/shop/Shuckle/","https://scrapeme.live/wp-content/uploads/2018/08/213-350x350.png","Shuckle","£194.00"
"209","https://scrapeme.live/shop/Heracross/","https://scrapeme.live/wp-content/uploads/2018/08/214-350x350.png","Heracross","£143.00"
"210","https://scrapeme.live/shop/Sneasel/","https://scrapeme.live/wp-content/uploads/2018/08/215-350x350.png","Sneasel","£108.00"
"211","https://scrapeme.live/shop/Teddiursa/","https://scrapeme.live/wp-content/uploads/2018/08/216-350x350.png","Teddiursa","£173.00"
"212","https://scrapeme.live/shop/Ursaring/","https://scrapeme.live/wp-content/uploads/2018/08/217-350x350.png","Ursaring","£31.00"
"213","https://scrapeme.live/shop/Magcargo/","https://scrapeme.live/wp-content/uploads/2018/08/219-350x350.png","Magcargo","£36.00"
"214","https://scrapeme.live/shop/Swinub/","https://scrapeme.live/wp-content/uploads/2018/08/220-350x350.png","Swinub","£132.00"
"215","https://scrapeme.live/shop/Piloswine/","https://scrapeme.live/wp-content/uploads/2018/08/221-350x350.png","Piloswine","£84.00"
"216","https://scrapeme.live/shop/Corsola/","https://scrapeme.live/wp-content/uploads/2018/08/222-350x350.png","Corsola","£27.00"
"217","https://scrapeme.live/shop/Remoraid/","https://scrapeme.live/wp-content/uploads/2018/08/223-350x350.png","Remoraid","£122.00"
"218","https://scrapeme.live/shop/Octillery/","https://scrapeme.live/wp-content/uploads/2018/08/224-350x350.png","Octillery","£94.00"
"219","https://scrapeme.live/shop/Delibird/","https://scrapeme.live/wp-content/uploads/2018/08/225-350x350.png","Delibird","£121.00"
"220","https://scrapeme.live/shop/Mantine/","https://scrapeme.live/wp-content/uploads/2018/08/226-350x350.png","Mantine","£114.00"
"221","https://scrapeme.live/shop/Skarmory/","https://scrapeme.live/wp-content/uploads/2018/08/227-350x350.png","Skarmory","£199.00"
"222","https://scrapeme.live/shop/Houndour/","https://scrapeme.live/wp-content/uploads/2018/08/228-350x350.png","Houndour","£144.00"
"223","https://scrapeme.live/shop/Houndoom/","https://scrapeme.live/wp-content/uploads/2018/08/229-350x350.png","Houndoom","£78.00"
"224","https://scrapeme.live/shop/Kingdra/","https://scrapeme.live/wp-content/uploads/2018/08/230-350x350.png","Kingdra","£124.00"
"225","https://scrapeme.live/shop/Phanpy/","https://scrapeme.live/wp-content/uploads/2018/08/231-350x350.png","Phanpy","£129.00"
"226","https://scrapeme.live/shop/Donphan/","https://scrapeme.live/wp-content/uploads/2018/08/232-350x350.png","Donphan","£89.00"
"227","https://scrapeme.live/shop/Porygon2/","https://scrapeme.live/wp-content/uploads/2018/08/233-350x350.png","Porygon2","£151.00"
"228","https://scrapeme.live/shop/Stantler/","https://scrapeme.live/wp-content/uploads/2018/08/234-350x350.png","Stantler","£33.00"
"229","https://scrapeme.live/shop/Smeargle/","https://scrapeme.live/wp-content/uploads/2018/08/235-350x350.png","Smeargle","£151.00"
"230","https://scrapeme.live/shop/Tyrogue/","https://scrapeme.live/wp-content/uploads/2018/08/236-350x350.png","Tyrogue","£145.00"
"231","https://scrapeme.live/shop/Hitmontop/","https://scrapeme.live/wp-content/uploads/2018/08/237-350x350.png","Hitmontop","£149.00"
"232","https://scrapeme.live/shop/Smoochum/","https://scrapeme.live/wp-content/uploads/2018/08/238-350x350.png","Smoochum","£166.00"
"233","https://scrapeme.live/shop/Elekid/","https://scrapeme.live/wp-content/uploads/2018/08/239-350x350.png","Elekid","£104.00"
"234","https://scrapeme.live/shop/Magby/","https://scrapeme.live/wp-content/uploads/2018/08/240-350x350.png","Magby","£40.00"
"235","https://scrapeme.live/shop/Miltank/","https://scrapeme.live/wp-content/uploads/2018/08/241-350x350.png","Miltank","£26.00"
"236","https://scrapeme.live/shop/Blissey/","https://scrapeme.live/wp-content/uploads/2018/08/242-350x350.png","Blissey","£31.00"
"237","https://scrapeme.live/shop/Raikou/","https://scrapeme.live/wp-content/uploads/2018/08/243-350x350.png","Raikou","£66.00"
"238","https://scrapeme.live/shop/Entei/","https://scrapeme.live/wp-content/uploads/2018/08/244-350x350.png","Entei","£27.00"
"239","https://scrapeme.live/shop/Suicune/","https://scrapeme.live/wp-content/uploads/2018/08/245-350x350.png","Suicune","£68.00"
"240","https://scrapeme.live/shop/Larvitar/","https://scrapeme.live/wp-content/uploads/2018/08/246-350x350.png","Larvitar","£26.00"
"241","https://scrapeme.live/shop/Pupitar/","https://scrapeme.live/wp-content/uploads/2018/08/247-350x350.png","Pupitar","£114.00"
"242","https://scrapeme.live/shop/Tyranitar/","https://scrapeme.live/wp-content/uploads/2018/08/248-350x350.png","Tyranitar","£190.00"
"243","https://scrapeme.live/shop/Lugia/","https://scrapeme.live/wp-content/uploads/2018/08/249-350x350.png","Lugia","£86.00"
"244","https://scrapeme.live/shop/Ho-oh/","https://scrapeme.live/wp-content/uploads/2018/08/250-350x350.png","Ho-oh","£91.00"
"245","https://scrapeme.live/shop/Celebi/","https://scrapeme.live/wp-content/uploads/2018/08/251-350x350.png","Celebi","£111.00"
"246","https://scrapeme.live/shop/Treecko/","https://scrapeme.live/wp-content/uploads/2018/08/252-350x350.png","Treecko","£96.00"
"247","https://scrapeme.live/shop/Grovyle/","https://scrapeme.live/wp-content/uploads/2018/08/253-350x350.png","Grovyle","£190.00"
"248","https://scrapeme.live/shop/Sceptile/","https://scrapeme.live/wp-content/uploads/2018/08/254-350x350.png","Sceptile","£37.00"
"249","https://scrapeme.live/shop/Torchic/","https://scrapeme.live/wp-content/uploads/2018/08/255-350x350.png","Torchic","£28.00"
"250","https://scrapeme.live/shop/Combusken/","https://scrapeme.live/wp-content/uploads/2018/08/256-350x350.png","Combusken","£68.00"
"251","https://scrapeme.live/shop/Blaziken/","https://scrapeme.live/wp-content/uploads/2018/08/257-350x350.png","Blaziken","£40.00"
"252","https://scrapeme.live/shop/Mudkip/","https://scrapeme.live/wp-content/uploads/2018/08/258-350x350.png","Mudkip","£140.00"
"253","https://scrapeme.live/shop/Marshtomp/","https://scrapeme.live/wp-content/uploads/2018/08/259-350x350.png","Marshtomp","£152.00"
"254","https://scrapeme.live/shop/Swampert/","https://scrapeme.live/wp-content/uploads/2018/08/260-350x350.png","Swampert","£144.00"
"255","https://scrapeme.live/shop/Poochyena/","https://scrapeme.live/wp-content/uploads/2018/08/261-350x350.png","Poochyena","£130.00"
"256","https://scrapeme.live/shop/Mightyena/","https://scrapeme.live/wp-content/uploads/2018/08/262-350x350.png","Mightyena","£175.00"
"257","https://scrapeme.live/shop/Zigzagoon/","https://scrapeme.live/wp-content/uploads/2018/08/263-350x350.png","Zigzagoon","£83.00"
"258","https://scrapeme.live/shop/Linoone/","https://scrapeme.live/wp-content/uploads/2018/08/264-350x350.png","Linoone","£81.00"
"259","https://scrapeme.live/shop/Wurmple/","https://scrapeme.live/wp-content/uploads/2018/08/265-350x350.png","Wurmple","£195.00"
"260","https://scrapeme.live/shop/Silcoon/","https://scrapeme.live/wp-content/uploads/2018/08/266-350x350.png","Silcoon","£80.00"
"261","https://scrapeme.live/shop/Beautifly/","https://scrapeme.live/wp-content/uploads/2018/08/267-350x350.png","Beautifly","£145.00"
"262","https://scrapeme.live/shop/Cascoon/","https://scrapeme.live/wp-content/uploads/2018/08/268-350x350.png","Cascoon","£166.00"
"263","https://scrapeme.live/shop/Dustox/","https://scrapeme.live/wp-content/uploads/2018/08/269-350x350.png","Dustox","£91.00"
"264","https://scrapeme.live/shop/Lotad/","https://scrapeme.live/wp-content/uploads/2018/08/270-350x350.png","Lotad","£161.00"
"265","https://scrapeme.live/shop/Lombre/","https://scrapeme.live/wp-content/uploads/2018/08/271-350x350.png","Lombre","£79.00"
"266","https://scrapeme.live/shop/Ludicolo/","https://scrapeme.live/wp-content/uploads/2018/08/272-350x350.png","Ludicolo","£189.00"
"267","https://scrapeme.live/shop/Seedot/","https://scrapeme.live/wp-content/uploads/2018/08/273-350x350.png","Seedot","£26.00"
"268","https://scrapeme.live/shop/Nuzleaf/","https://scrapeme.live/wp-content/uploads/2018/08/274-350x350.png","Nuzleaf","£26.00"
"269","https://scrapeme.live/shop/Shiftry/","https://scrapeme.live/wp-content/uploads/2018/08/275-350x350.png","Shiftry","£157.00"
"270","https://scrapeme.live/shop/Taillow/","https://scrapeme.live/wp-content/uploads/2018/08/276-350x350.png","Taillow","£85.00"
"271","https://scrapeme.live/shop/Swellow/","https://scrapeme.live/wp-content/uploads/2018/08/277-350x350.png","Swellow","£88.00"
"272","https://scrapeme.live/shop/Wingull/","https://scrapeme.live/wp-content/uploads/2018/08/278-350x350.png","Wingull","£153.00"
"273","https://scrapeme.live/shop/Pelipper/","https://scrapeme.live/wp-content/uploads/2018/08/279-350x350.png","Pelipper","£158.00"
"274","https://scrapeme.live/shop/Ralts/","https://scrapeme.live/wp-content/uploads/2018/08/280-350x350.png","Ralts","£151.00"
"275","https://scrapeme.live/shop/Kirlia/","https://scrapeme.live/wp-content/uploads/2018/08/281-350x350.png","Kirlia","£186.00"
"276","https://scrapeme.live/shop/Gardevoir/","https://scrapeme.live/wp-content/uploads/2018/08/282-350x350.png","Gardevoir","£34.00"
"277","https://scrapeme.live/shop/Surskit/","https://scrapeme.live/wp-content/uploads/2018/08/283-350x350.png","Surskit","£112.00"
"278","https://scrapeme.live/shop/Masquerain/","https://scrapeme.live/wp-content/uploads/2018/08/284-350x350.png","Masquerain","£39.00"
"279","https://scrapeme.live/shop/Shroomish/","https://scrapeme.live/wp-content/uploads/2018/08/285-350x350.png","Shroomish","£31.00"
"280","https://scrapeme.live/shop/Breloom/","https://scrapeme.live/wp-content/uploads/2018/08/286-350x350.png","Breloom","£113.00"
"281","https://scrapeme.live/shop/Slakoth/","https://scrapeme.live/wp-content/uploads/2018/08/287-350x350.png","Slakoth","£69.00"
"282","https://scrapeme.live/shop/Vigoroth/","https://scrapeme.live/wp-content/uploads/2018/08/288-350x350.png","Vigoroth","£25.00"
"283","https://scrapeme.live/shop/Slaking/","https://scrapeme.live/wp-content/uploads/2018/08/289-350x350.png","Slaking","£119.00"
"284","https://scrapeme.live/shop/Nincada/","https://scrapeme.live/wp-content/uploads/2018/08/290-350x350.png","Nincada","£38.00"
"285","https://scrapeme.live/shop/Ninjask/","https://scrapeme.live/wp-content/uploads/2018/08/291-350x350.png","Ninjask","£161.00"
"286","https://scrapeme.live/shop/Shedinja/","https://scrapeme.live/wp-content/uploads/2018/08/292-350x350.png","Shedinja","£128.00"
"287","https://scrapeme.live/shop/Whismur/","https://scrapeme.live/wp-content/uploads/2018/08/293-350x350.png","Whismur","£137.00"
"288","https://scrapeme.live/shop/Loudred/","https://scrapeme.live/wp-content/uploads/2018/08/294-350x350.png","Loudred","£145.00"
"289","https://scrapeme.live/shop/Exploud/","https://scrapeme.live/wp-content/uploads/2018/08/295-350x350.png","Exploud","£161.00"
"290","https://scrapeme.live/shop/Makuhita/","https://scrapeme.live/wp-content/uploads/2018/08/296-350x350.png","Makuhita","£30.00"
"291","https://scrapeme.live/shop/Hariyama/","https://scrapeme.live/wp-content/uploads/2018/08/297-350x350.png","Hariyama","£176.00"
"292","https://scrapeme.live/shop/Azurill/","https://scrapeme.live/wp-content/uploads/2018/08/298-350x350.png","Azurill","£70.00"
"293","https://scrapeme.live/shop/Nosepass/","https://scrapeme.live/wp-content/uploads/2018/08/299-350x350.png","Nosepass","£41.00"
"294","https://scrapeme.live/shop/Skitty/","https://scrapeme.live/wp-content/uploads/2018/08/300-350x350.png","Skitty","£156.00"
"295","https://scrapeme.live/shop/Delcatty/","https://scrapeme.live/wp-content/uploads/2018/08/301-350x350.png","Delcatty","£170.00"
"296","https://scrapeme.live/shop/Sableye/","https://scrapeme.live/wp-content/uploads/2018/08/302-350x350.png","Sableye","£81.00"
"297","https://scrapeme.live/shop/Mawile/","https://scrapeme.live/wp-content/uploads/2018/08/303-350x350.png","Mawile","£119.00"
"298","https://scrapeme.live/shop/Aron/","https://scrapeme.live/wp-content/uploads/2018/08/304-350x350.png","Aron","£149.00"
"299","https://scrapeme.live/shop/Lairon/","https://scrapeme.live/wp-content/uploads/2018/08/305-350x350.png","Lairon","£70.00"
"300","https://scrapeme.live/shop/Aggron/","https://scrapeme.live/wp-content/uploads/2018/08/306-350x350.png","Aggron","£140.00"
"301","https://scrapeme.live/shop/Meditite/","https://scrapeme.live/wp-content/uploads/2018/08/307-350x350.png","Meditite","£97.00"
"302","https://scrapeme.live/shop/Medicham/","https://scrapeme.live/wp-content/uploads/2018/08/308-350x350.png","Medicham","£77.00"
"303","https://scrapeme.live/shop/Electrike/","https://scrapeme.live/wp-content/uploads/2018/08/309-350x350.png","Electrike","£145.00"
"304","https://scrapeme.live/shop/Manectric/","https://scrapeme.live/wp-content/uploads/2018/08/310-350x350.png","Manectric","£76.00"
"305","https://scrapeme.live/shop/Plusle/","https://scrapeme.live/wp-content/uploads/2018/08/311-350x350.png","Plusle","£56.00"
"306","https://scrapeme.live/shop/Minun/","https://scrapeme.live/wp-content/uploads/2018/08/312-350x350.png","Minun","£193.00"
"307","https://scrapeme.live/shop/Volbeat/","https://scrapeme.live/wp-content/uploads/2018/08/313-350x350.png","Volbeat","£123.00"
"308","https://scrapeme.live/shop/Illumise/","https://scrapeme.live/wp-content/uploads/2018/08/314-350x350.png","Illumise","£167.00"
"309","https://scrapeme.live/shop/Roselia/","https://scrapeme.live/wp-content/uploads/2018/08/315-350x350.png","Roselia","£90.00"
"310","https://scrapeme.live/shop/Gulpin/","https://scrapeme.live/wp-content/uploads/2018/08/316-350x350.png","Gulpin","£136.00"
"311","https://scrapeme.live/shop/Swalot/","https://scrapeme.live/wp-content/uploads/2018/08/317-350x350.png","Swalot","£130.00"
"312","https://scrapeme.live/shop/Carvanha/","https://scrapeme.live/wp-content/uploads/2018/08/318-350x350.png","Carvanha","£25.00"
"313","https://scrapeme.live/shop/Sharpedo/","https://scrapeme.live/wp-content/uploads/2018/08/319-350x350.png","Sharpedo","£129.00"
"314","https://scrapeme.live/shop/Wailmer/","https://scrapeme.live/wp-content/uploads/2018/08/320-350x350.png","Wailmer","£90.00"
"315","https://scrapeme.live/shop/Wailord/","https://scrapeme.live/wp-content/uploads/2018/08/321-350x350.png","Wailord","£150.00"
"316","https://scrapeme.live/shop/Numel/","https://scrapeme.live/wp-content/uploads/2018/08/322-350x350.png","Numel","£170.00"
"317","https://scrapeme.live/shop/Camerupt/","https://scrapeme.live/wp-content/uploads/2018/08/323-350x350.png","Camerupt","£124.00"
"318","https://scrapeme.live/shop/Torkoal/","https://scrapeme.live/wp-content/uploads/2018/08/324-350x350.png","Torkoal","£98.00"
"319","https://scrapeme.live/shop/Spoink/","https://scrapeme.live/wp-content/uploads/2018/08/325-350x350.png","Spoink","£163.00"
"320","https://scrapeme.live/shop/Grumpig/","https://scrapeme.live/wp-content/uploads/2018/08/326-350x350.png","Grumpig","£182.00"
"321","https://scrapeme.live/shop/Spinda/","https://scrapeme.live/wp-content/uploads/2018/08/327-350x350.png","Spinda","£149.00"
"322","https://scrapeme.live/shop/Trapinch/","https://scrapeme.live/wp-content/uploads/2018/08/328-350x350.png","Trapinch","£116.00"
"323","https://scrapeme.live/shop/Vibrava/","https://scrapeme.live/wp-content/uploads/2018/08/329-350x350.png","Vibrava","£200.00"
"324","https://scrapeme.live/shop/Flygon/","https://scrapeme.live/wp-content/uploads/2018/08/330-350x350.png","Flygon","£174.00"
"325","https://scrapeme.live/shop/Cacnea/","https://scrapeme.live/wp-content/uploads/2018/08/331-350x350.png","Cacnea","£105.00"
"326","https://scrapeme.live/shop/Cacturne/","https://scrapeme.live/wp-content/uploads/2018/08/332-350x350.png","Cacturne","£31.00"
"327","https://scrapeme.live/shop/Swablu/","https://scrapeme.live/wp-content/uploads/2018/08/333-350x350.png","Swablu","£121.00"
"328","https://scrapeme.live/shop/Altaria/","https://scrapeme.live/wp-content/uploads/2018/08/334-350x350.png","Altaria","£104.00"
"329","https://scrapeme.live/shop/Seviper/","https://scrapeme.live/wp-content/uploads/2018/08/336-350x350.png","Seviper","£107.00"
"330","https://scrapeme.live/shop/Lunatone/","https://scrapeme.live/wp-content/uploads/2018/08/337-350x350.png","Lunatone","£177.00"
"331","https://scrapeme.live/shop/Solrock/","https://scrapeme.live/wp-content/uploads/2018/08/338-350x350.png","Solrock","£57.00"
"332","https://scrapeme.live/shop/Whiscash/","https://scrapeme.live/wp-content/uploads/2018/08/340-350x350.png","Whiscash","£179.00"
"333","https://scrapeme.live/shop/Corphish/","https://scrapeme.live/wp-content/uploads/2018/08/341-350x350.png","Corphish","£178.00"
"334","https://scrapeme.live/shop/Crawdaunt/","https://scrapeme.live/wp-content/uploads/2018/08/342-350x350.png","Crawdaunt","£173.00"
"335","https://scrapeme.live/shop/Baltoy/","https://scrapeme.live/wp-content/uploads/2018/08/343-350x350.png","Baltoy","£167.00"
"336","https://scrapeme.live/shop/Claydol/","https://scrapeme.live/wp-content/uploads/2018/08/344-350x350.png","Claydol","£197.00"
"337","https://scrapeme.live/shop/Lileep/","https://scrapeme.live/wp-content/uploads/2018/08/345-350x350.png","Lileep","£87.00"
"338","https://scrapeme.live/shop/Cradily/","https://scrapeme.live/wp-content/uploads/2018/08/346-350x350.png","Cradily","£154.00"
"339","https://scrapeme.live/shop/Anorith/","https://scrapeme.live/wp-content/uploads/2018/08/347-350x350.png","Anorith","£64.00"
"340","https://scrapeme.live/shop/Armaldo/","https://scrapeme.live/wp-content/uploads/2018/08/348-350x350.png","Armaldo","£42.00"
"341","https://scrapeme.live/shop/Feebas/","https://scrapeme.live/wp-content/uploads/2018/08/349-350x350.png","Feebas","£194.00"
"342","https://scrapeme.live/shop/Milotic/","https://scrapeme.live/wp-content/uploads/2018/08/350-350x350.png","Milotic","£152.00"
"343","https://scrapeme.live/shop/Castform/","https://scrapeme.live/wp-content/uploads/2018/08/351-350x350.png","Castform","£119.00"
"344","https://scrapeme.live/shop/Kecleon/","https://scrapeme.live/wp-content/uploads/2018/08/352-350x350.png","Kecleon","£100.00"
"345","https://scrapeme.live/shop/Shuppet/","https://scrapeme.live/wp-content/uploads/2018/08/353-350x350.png","Shuppet","£174.00"
"346","https://scrapeme.live/shop/Banette/","https://scrapeme.live/wp-content/uploads/2018/08/354-350x350.png","Banette","£104.00"
"347","https://scrapeme.live/shop/Duskull/","https://scrapeme.live/wp-content/uploads/2018/08/355-350x350.png","Duskull","£139.00"
"348","https://scrapeme.live/shop/Dusclops/","https://scrapeme.live/wp-content/uploads/2018/08/356-350x350.png","Dusclops","£39.00"
"349","https://scrapeme.live/shop/Tropius/","https://scrapeme.live/wp-content/uploads/2018/08/357-350x350.png","Tropius","£196.00"
"350","https://scrapeme.live/shop/Chimecho/","https://scrapeme.live/wp-content/uploads/2018/08/358-350x350.png","Chimecho","£51.00"
"351","https://scrapeme.live/shop/Absol/","https://scrapeme.live/wp-content/uploads/2018/08/359-350x350.png","Absol","£134.00"
"352","https://scrapeme.live/shop/Wynaut/","https://scrapeme.live/wp-content/uploads/2018/08/360-350x350.png","Wynaut","£168.00"
"353","https://scrapeme.live/shop/Snorunt/","https://scrapeme.live/wp-content/uploads/2018/08/361-350x350.png","Snorunt","£82.00"
"354","https://scrapeme.live/shop/Glalie/","https://scrapeme.live/wp-content/uploads/2018/08/362-350x350.png","Glalie","£178.00"
"355","https://scrapeme.live/shop/Spheal/","https://scrapeme.live/wp-content/uploads/2018/08/363-350x350.png","Spheal","£193.00"
"356","https://scrapeme.live/shop/Sealeo/","https://scrapeme.live/wp-content/uploads/2018/08/364-350x350.png","Sealeo","£160.00"
"357","https://scrapeme.live/shop/Walrein/","https://scrapeme.live/wp-content/uploads/2018/08/365-350x350.png","Walrein","£27.00"
"358","https://scrapeme.live/shop/Clamperl/","https://scrapeme.live/wp-content/uploads/2018/08/366-350x350.png","Clamperl","£48.00"
"359","https://scrapeme.live/shop/Huntail/","https://scrapeme.live/wp-content/uploads/2018/08/367-350x350.png","Huntail","£52.00"
"360","https://scrapeme.live/shop/Gorebyss/","https://scrapeme.live/wp-content/uploads/2018/08/368-350x350.png","Gorebyss","£150.00"
"361","https://scrapeme.live/shop/Relicanth/","https://scrapeme.live/wp-content/uploads/2018/08/369-350x350.png","Relicanth","£157.00"
"362","https://scrapeme.live/shop/Luvdisc/","https://scrapeme.live/wp-content/uploads/2018/08/370-350x350.png","Luvdisc","£44.00"
"363","https://scrapeme.live/shop/Bagon/","https://scrapeme.live/wp-content/uploads/2018/08/371-350x350.png","Bagon","£34.00"
"364","https://scrapeme.live/shop/Shelgon/","https://scrapeme.live/wp-content/uploads/2018/08/372-350x350.png","Shelgon","£56.00"
"365","https://scrapeme.live/shop/Salamence/","https://scrapeme.live/wp-content/uploads/2018/08/373-350x350.png","Salamence","£62.00"
"366","https://scrapeme.live/shop/Beldum/","https://scrapeme.live/wp-content/uploads/2018/08/374-350x350.png","Beldum","£122.00"
"367","https://scrapeme.live/shop/Metang/","https://scrapeme.live/wp-content/uploads/2018/08/375-350x350.png","Metang","£78.00"
"368","https://scrapeme.live/shop/Metagross/","https://scrapeme.live/wp-content/uploads/2018/08/376-350x350.png","Metagross","£170.00"
"369","https://scrapeme.live/shop/Regirock/","https://scrapeme.live/wp-content/uploads/2018/08/377-350x350.png","Regirock","£66.00"
"370","https://scrapeme.live/shop/Regice/","https://scrapeme.live/wp-content/uploads/2018/08/378-350x350.png","Regice","£165.00"
"371","https://scrapeme.live/shop/Registeel/","https://scrapeme.live/wp-content/uploads/2018/08/379-350x350.png","Registeel","£196.00"
"372","https://scrapeme.live/shop/Latias/","https://scrapeme.live/wp-content/uploads/2018/08/380-350x350.png","Latias","£126.00"
"373","https://scrapeme.live/shop/Latios/","https://scrapeme.live/wp-content/uploads/2018/08/381-350x350.png","Latios","£166.00"
"374","https://scrapeme.live/shop/Kyogre/","https://scrapeme.live/wp-content/uploads/2018/08/382-350x350.png","Kyogre","£27.00"
"375","https://scrapeme.live/shop/Groudon/","https://scrapeme.live/wp-content/uploads/2018/08/383-350x350.png","Groudon","£124.00"
"376","https://scrapeme.live/shop/Rayquaza/","https://scrapeme.live/wp-content/uploads/2018/08/384-350x350.png","Rayquaza","£97.00"
"377","https://scrapeme.live/shop/Jirachi/","https://scrapeme.live/wp-content/uploads/2018/08/385-350x350.png","Jirachi","£111.00"
"378","https://scrapeme.live/shop/Turtwig/","https://scrapeme.live/wp-content/uploads/2018/08/387-350x350.png","Turtwig","£101.00"
"379","https://scrapeme.live/shop/Grotle/","https://scrapeme.live/wp-content/uploads/2018/08/388-350x350.png","Grotle","£154.00"
"380","https://scrapeme.live/shop/Torterra/","https://scrapeme.live/wp-content/uploads/2018/08/389-350x350.png","Torterra","£87.00"
"381","https://scrapeme.live/shop/Chimchar/","https://scrapeme.live/wp-content/uploads/2018/08/390-350x350.png","Chimchar","£143.00"
"382","https://scrapeme.live/shop/Monferno/","https://scrapeme.live/wp-content/uploads/2018/08/391-350x350.png","Monferno","£68.00"
"383","https://scrapeme.live/shop/Infernape/","https://scrapeme.live/wp-content/uploads/2018/08/392-350x350.png","Infernape","£165.00"
"384","https://scrapeme.live/shop/Prinplup/","https://scrapeme.live/wp-content/uploads/2018/08/394-350x350.png","Prinplup","£177.00"
"385","https://scrapeme.live/shop/Empoleon/","https://scrapeme.live/wp-content/uploads/2018/08/395-350x350.png","Empoleon","£42.00"
"386","https://scrapeme.live/shop/Starly/","https://scrapeme.live/wp-content/uploads/2018/08/396-350x350.png","Starly","£59.00"
"387","https://scrapeme.live/shop/Staravia/","https://scrapeme.live/wp-content/uploads/2018/08/397-350x350.png","Staravia","£158.00"
"388","https://scrapeme.live/shop/Staraptor/","https://scrapeme.live/wp-content/uploads/2018/08/398-350x350.png","Staraptor","£42.00"
"389","https://scrapeme.live/shop/Bidoof/","https://scrapeme.live/wp-content/uploads/2018/08/399-350x350.png","Bidoof","£128.00"
"390","https://scrapeme.live/shop/Bibarel/","https://scrapeme.live/wp-content/uploads/2018/08/400-350x350.png","Bibarel","£114.00"
"391","https://scrapeme.live/shop/Kricketot/","https://scrapeme.live/wp-content/uploads/2018/08/401-350x350.png","Kricketot","£94.00"
"392","https://scrapeme.live/shop/Kricketune/","https://scrapeme.live/wp-content/uploads/2018/08/402-350x350.png","Kricketune","£53.00"
"393","https://scrapeme.live/shop/Shinx/","https://scrapeme.live/wp-content/uploads/2018/08/403-350x350.png","Shinx","£149.00"
"394","https://scrapeme.live/shop/Luxio/","https://scrapeme.live/wp-content/uploads/2018/08/404-350x350.png","Luxio","£168.00"
"395","https://scrapeme.live/shop/Luxray/","https://scrapeme.live/wp-content/uploads/2018/08/405-350x350.png","Luxray","£43.00"
"396","https://scrapeme.live/shop/Budew/","https://scrapeme.live/wp-content/uploads/2018/08/406-350x350.png","Budew","£171.00"
"397","https://scrapeme.live/shop/Roserade/","https://scrapeme.live/wp-content/uploads/2018/08/407-350x350.png","Roserade","£155.00"
"398","https://scrapeme.live/shop/Cranidos/","https://scrapeme.live/wp-content/uploads/2018/08/408-350x350.png","Cranidos","£47.00"
"399","https://scrapeme.live/shop/Rampardos/","https://scrapeme.live/wp-content/uploads/2018/08/409-350x350.png","Rampardos","£196.00"
"400","https://scrapeme.live/shop/Shieldon/","https://scrapeme.live/wp-content/uploads/2018/08/410-350x350.png","Shieldon","£42.00"
"401","https://scrapeme.live/shop/Bastiodon/","https://scrapeme.live/wp-content/uploads/2018/08/411-350x350.png","Bastiodon","£191.00"
"402","https://scrapeme.live/shop/Burmy/","https://scrapeme.live/wp-content/uploads/2018/08/412-350x350.png","Burmy","£91.00"
"403","https://scrapeme.live/shop/Mothim/","https://scrapeme.live/wp-content/uploads/2018/08/414-350x350.png","Mothim","£177.00"
"404","https://scrapeme.live/shop/Combee/","https://scrapeme.live/wp-content/uploads/2018/08/415-350x350.png","Combee","£111.00"
"405","https://scrapeme.live/shop/Vespiquen/","https://scrapeme.live/wp-content/uploads/2018/08/416-350x350.png","Vespiquen","£104.00"
"406","https://scrapeme.live/shop/Pachirisu/","https://scrapeme.live/wp-content/uploads/2018/08/417-350x350.png","Pachirisu","£151.00"
"407","https://scrapeme.live/shop/Buizel/","https://scrapeme.live/wp-content/uploads/2018/08/418-350x350.png","Buizel","£55.00"
"408","https://scrapeme.live/shop/Floatzel/","https://scrapeme.live/wp-content/uploads/2018/08/419-350x350.png","Floatzel","£40.00"
"409","https://scrapeme.live/shop/Cherubi/","https://scrapeme.live/wp-content/uploads/2018/08/420-350x350.png","Cherubi","£101.00"
"410","https://scrapeme.live/shop/Cherrim/","https://scrapeme.live/wp-content/uploads/2018/08/421-350x350.png","Cherrim","£161.00"
"411","https://scrapeme.live/shop/Shellos/","https://scrapeme.live/wp-content/uploads/2018/08/422-350x350.png","Shellos","£163.00"
"412","https://scrapeme.live/shop/Gastrodon/","https://scrapeme.live/wp-content/uploads/2018/08/423-350x350.png","Gastrodon","£148.00"
"413","https://scrapeme.live/shop/Ambipom/","https://scrapeme.live/wp-content/uploads/2018/08/424-350x350.png","Ambipom","£36.00"
"414","https://scrapeme.live/shop/Drifloon/","https://scrapeme.live/wp-content/uploads/2018/08/425-350x350.png","Drifloon","£70.00"
"415","https://scrapeme.live/shop/Drifblim/","https://scrapeme.live/wp-content/uploads/2018/08/426-350x350.png","Drifblim","£36.00"
"416","https://scrapeme.live/shop/Buneary/","https://scrapeme.live/wp-content/uploads/2018/08/427-350x350.png","Buneary","£180.00"
"417","https://scrapeme.live/shop/Lopunny/","https://scrapeme.live/wp-content/uploads/2018/08/428-350x350.png","Lopunny","£123.00"
"418","https://scrapeme.live/shop/Mismagius/","https://scrapeme.live/wp-content/uploads/2018/08/429-350x350.png","Mismagius","£38.00"
"419","https://scrapeme.live/shop/Honchkrow/","https://scrapeme.live/wp-content/uploads/2018/08/430-350x350.png","Honchkrow","£47.00"
"420","https://scrapeme.live/shop/Glameow/","https://scrapeme.live/wp-content/uploads/2018/08/431-350x350.png","Glameow","£39.00"
"421","https://scrapeme.live/shop/Purugly/","https://scrapeme.live/wp-content/uploads/2018/08/432-350x350.png","Purugly","£128.00"
"422","https://scrapeme.live/shop/Stunky/","https://scrapeme.live/wp-content/uploads/2018/08/434-350x350.png","Stunky","£106.00"
"423","https://scrapeme.live/shop/Skuntank/","https://scrapeme.live/wp-content/uploads/2018/08/435-350x350.png","Skuntank","£112.00"
"424","https://scrapeme.live/shop/Bronzong/","https://scrapeme.live/wp-content/uploads/2018/08/437-350x350.png","Bronzong","£110.00"
"425","https://scrapeme.live/shop/Bonsly/","https://scrapeme.live/wp-content/uploads/2018/08/438-350x350.png","Bonsly","£106.00"
"426","https://scrapeme.live/shop/Mime-jr/","https://scrapeme.live/wp-content/uploads/2018/08/439-350x350.png","Mime-jr","£170.00"
"427","https://scrapeme.live/shop/Happiny/","https://scrapeme.live/wp-content/uploads/2018/08/440-350x350.png","Happiny","£67.00"
"428","https://scrapeme.live/shop/Chatot/","https://scrapeme.live/wp-content/uploads/2018/08/441-350x350.png","Chatot","£78.00"
"429","https://scrapeme.live/shop/Spiritomb/","https://scrapeme.live/wp-content/uploads/2018/08/442-350x350.png","Spiritomb","£165.00"
"430","https://scrapeme.live/shop/Gible/","https://scrapeme.live/wp-content/uploads/2018/08/443-350x350.png","Gible","£194.00"
"431","https://scrapeme.live/shop/Gabite/","https://scrapeme.live/wp-content/uploads/2018/08/444-350x350.png","Gabite","£154.00"
"432","https://scrapeme.live/shop/Garchomp/","https://scrapeme.live/wp-content/uploads/2018/08/445-350x350.png","Garchomp","£62.00"
"433","https://scrapeme.live/shop/Munchlax/","https://scrapeme.live/wp-content/uploads/2018/08/446-350x350.png","Munchlax","£190.00"
"434","https://scrapeme.live/shop/Riolu/","https://scrapeme.live/wp-content/uploads/2018/08/447-350x350.png","Riolu","£70.00"
"435","https://scrapeme.live/shop/Lucario/","https://scrapeme.live/wp-content/uploads/2018/08/448-350x350.png","Lucario","£102.00"
"436","https://scrapeme.live/shop/Hippopotas/","https://scrapeme.live/wp-content/uploads/2018/08/449-350x350.png","Hippopotas","£189.00"
"437","https://scrapeme.live/shop/Hippowdon/","https://scrapeme.live/wp-content/uploads/2018/08/450-350x350.png","Hippowdon","£140.00"
"438","https://scrapeme.live/shop/Skorupi/","https://scrapeme.live/wp-content/uploads/2018/08/451-350x350.png","Skorupi","£51.00"
"439","https://scrapeme.live/shop/Drapion/","https://scrapeme.live/wp-content/uploads/2018/08/452-350x350.png","Drapion","£72.00"
"440","https://scrapeme.live/shop/Croagunk/","https://scrapeme.live/wp-content/uploads/2018/08/453-350x350.png","Croagunk","£145.00"
"441","https://scrapeme.live/shop/Toxicroak/","https://scrapeme.live/wp-content/uploads/2018/08/454-350x350.png","Toxicroak","£145.00"
"442","https://scrapeme.live/shop/Carnivine/","https://scrapeme.live/wp-content/uploads/2018/08/455-350x350.png","Carnivine","£60.00"
"443","https://scrapeme.live/shop/Finneon/","https://scrapeme.live/wp-content/uploads/2018/08/456-350x350.png","Finneon","£172.00"
"444","https://scrapeme.live/shop/Lumineon/","https://scrapeme.live/wp-content/uploads/2018/08/457-350x350.png","Lumineon","£72.00"
"445","https://scrapeme.live/shop/Mantyke/","https://scrapeme.live/wp-content/uploads/2018/08/458-350x350.png","Mantyke","£121.00"
"446","https://scrapeme.live/shop/Snover/","https://scrapeme.live/wp-content/uploads/2018/08/459-350x350.png","Snover","£104.00"
"447","https://scrapeme.live/shop/Abomasnow/","https://scrapeme.live/wp-content/uploads/2018/08/460-350x350.png","Abomasnow","£46.00"
"448","https://scrapeme.live/shop/Magnezone/","https://scrapeme.live/wp-content/uploads/2018/08/462-350x350.png","Magnezone","£190.00"
"449","https://scrapeme.live/shop/Lickilicky/","https://scrapeme.live/wp-content/uploads/2018/08/463-350x350.png","Lickilicky","£101.00"
"450","https://scrapeme.live/shop/Rhyperior/","https://scrapeme.live/wp-content/uploads/2018/08/464-350x350.png","Rhyperior","£79.00"
"451","https://scrapeme.live/shop/Tangrowth/","https://scrapeme.live/wp-content/uploads/2018/08/465-350x350.png","Tangrowth","£108.00"
"452","https://scrapeme.live/shop/Electivire/","https://scrapeme.live/wp-content/uploads/2018/08/466-350x350.png","Electivire","£61.00"
"453","https://scrapeme.live/shop/Magmortar/","https://scrapeme.live/wp-content/uploads/2018/08/467-350x350.png","Magmortar","£200.00"
"454","https://scrapeme.live/shop/Togekiss/","https://scrapeme.live/wp-content/uploads/2018/08/468-350x350.png","Togekiss","£158.00"
"455","https://scrapeme.live/shop/Yanmega/","https://scrapeme.live/wp-content/uploads/2018/08/469-350x350.png","Yanmega","£121.00"
"456","https://scrapeme.live/shop/Leafeon/","https://scrapeme.live/wp-content/uploads/2018/08/470-350x350.png","Leafeon","£93.00"
"457","https://scrapeme.live/shop/Glaceon/","https://scrapeme.live/wp-content/uploads/2018/08/471-350x350.png","Glaceon","£142.00"
"458","https://scrapeme.live/shop/Gliscor/","https://scrapeme.live/wp-content/uploads/2018/08/472-350x350.png","Gliscor","£28.00"
"459","https://scrapeme.live/shop/Mamoswine/","https://scrapeme.live/wp-content/uploads/2018/08/473-350x350.png","Mamoswine","£104.00"
"460","https://scrapeme.live/shop/Gallade/","https://scrapeme.live/wp-content/uploads/2018/08/475-350x350.png","Gallade","£149.00"
"461","https://scrapeme.live/shop/Probopass/","https://scrapeme.live/wp-content/uploads/2018/08/476-350x350.png","Probopass","£181.00"
"462","https://scrapeme.live/shop/Dusknoir/","https://scrapeme.live/wp-content/uploads/2018/08/477-350x350.png","Dusknoir","£158.00"
"463","https://scrapeme.live/shop/Froslass/","https://scrapeme.live/wp-content/uploads/2018/08/478-350x350.png","Froslass","£86.00"
"464","https://scrapeme.live/shop/Rotom/","https://scrapeme.live/wp-content/uploads/2018/08/479-350x350.png","Rotom","£42.00"
"465","https://scrapeme.live/shop/Uxie/","https://scrapeme.live/wp-content/uploads/2018/08/480-350x350.png","Uxie","£200.00"
"466","https://scrapeme.live/shop/Mesprit/","https://scrapeme.live/wp-content/uploads/2018/08/481-350x350.png","Mesprit","£25.00"
"467","https://scrapeme.live/shop/Azelf/","https://scrapeme.live/wp-content/uploads/2018/08/482-350x350.png","Azelf","£32.00"
"468","https://scrapeme.live/shop/Dialga/","https://scrapeme.live/wp-content/uploads/2018/08/483-350x350.png","Dialga","£179.00"
"469","https://scrapeme.live/shop/Palkia/","https://scrapeme.live/wp-content/uploads/2018/08/484-350x350.png","Palkia","£151.00"
"470","https://scrapeme.live/shop/Heatran/","https://scrapeme.live/wp-content/uploads/2018/08/485-350x350.png","Heatran","£142.00"
"471","https://scrapeme.live/shop/Regigigas/","https://scrapeme.live/wp-content/uploads/2018/08/486-350x350.png","Regigigas","£77.00"
"472","https://scrapeme.live/shop/Cresselia/","https://scrapeme.live/wp-content/uploads/2018/08/488-350x350.png","Cresselia","£34.00"
"473","https://scrapeme.live/shop/Phione/","https://scrapeme.live/wp-content/uploads/2018/08/489-350x350.png","Phione","£155.00"
"474","https://scrapeme.live/shop/Manaphy/","https://scrapeme.live/wp-content/uploads/2018/08/490-350x350.png","Manaphy","£74.00"
"475","https://scrapeme.live/shop/Darkrai/","https://scrapeme.live/wp-content/uploads/2018/08/491-350x350.png","Darkrai","£59.00"
"476","https://scrapeme.live/shop/Arceus/","https://scrapeme.live/wp-content/uploads/2018/08/493-350x350.png","Arceus","£53.00"
"477","https://scrapeme.live/shop/Victini/","https://scrapeme.live/wp-content/uploads/2018/08/494-350x350.png","Victini","£109.00"
"478","https://scrapeme.live/shop/Snivy/","https://scrapeme.live/wp-content/uploads/2018/08/495-350x350.png","Snivy","£102.00"
"479","https://scrapeme.live/shop/Servine/","https://scrapeme.live/wp-content/uploads/2018/08/496-350x350.png","Servine","£154.00"
"480","https://scrapeme.live/shop/Serperior/","https://scrapeme.live/wp-content/uploads/2018/08/497-350x350.png","Serperior","£88.00"
"481","https://scrapeme.live/shop/Tepig/","https://scrapeme.live/wp-content/uploads/2018/08/498-350x350.png","Tepig","£195.00"
"482","https://scrapeme.live/shop/Pignite/","https://scrapeme.live/wp-content/uploads/2018/08/499-350x350.png","Pignite","£149.00"
"483","https://scrapeme.live/shop/Emboar/","https://scrapeme.live/wp-content/uploads/2018/08/500-350x350.png","Emboar","£32.00"
"484","https://scrapeme.live/shop/Oshawott/","https://scrapeme.live/wp-content/uploads/2018/08/501-350x350.png","Oshawott","£194.00"
"485","https://scrapeme.live/shop/Dewott/","https://scrapeme.live/wp-content/uploads/2018/08/502-350x350.png","Dewott","£57.00"
"486","https://scrapeme.live/shop/Samurott/","https://scrapeme.live/wp-content/uploads/2018/08/503-350x350.png","Samurott","£106.00"
"487","https://scrapeme.live/shop/Patrat/","https://scrapeme.live/wp-content/uploads/2018/08/504-350x350.png","Patrat","£116.00"
"488","https://scrapeme.live/shop/Watchog/","https://scrapeme.live/wp-content/uploads/2018/08/505-350x350.png","Watchog","£141.00"
"489","https://scrapeme.live/shop/Lillipup/","https://scrapeme.live/wp-content/uploads/2018/08/506-350x350.png","Lillipup","£28.00"
"490","https://scrapeme.live/shop/Herdier/","https://scrapeme.live/wp-content/uploads/2018/08/507-350x350.png","Herdier","£164.00"
"491","https://scrapeme.live/shop/Stoutland/","https://scrapeme.live/wp-content/uploads/2018/08/508-350x350.png","Stoutland","£37.00"
"492","https://scrapeme.live/shop/Purrloin/","https://scrapeme.live/wp-content/uploads/2018/08/509-350x350.png","Purrloin","£167.00"
"493","https://scrapeme.live/shop/Liepard/","https://scrapeme.live/wp-content/uploads/2018/08/510-350x350.png","Liepard","£104.00"
"494","https://scrapeme.live/shop/Pansage/","https://scrapeme.live/wp-content/uploads/2018/08/511-350x350.png","Pansage","£197.00"
"495","https://scrapeme.live/shop/Simisage/","https://scrapeme.live/wp-content/uploads/2018/08/512-350x350.png","Simisage","£98.00"
"496","https://scrapeme.live/shop/Pansear/","https://scrapeme.live/wp-content/uploads/2018/08/513-350x350.png","Pansear","£194.00"
"497","https://scrapeme.live/shop/Simisear/","https://scrapeme.live/wp-content/uploads/2018/08/514-350x350.png","Simisear","£38.00"
"498","https://scrapeme.live/shop/Panpour/","https://scrapeme.live/wp-content/uploads/2018/08/515-350x350.png","Panpour","£52.00"
"499","https://scrapeme.live/shop/Simipour/","https://scrapeme.live/wp-content/uploads/2018/08/516-350x350.png","Simipour","£61.00"
"500","https://scrapeme.live/shop/Munna/","https://scrapeme.live/wp-content/uploads/2018/08/517-350x350.png","Munna","£172.00"
"501","https://scrapeme.live/shop/Musharna/","https://scrapeme.live/wp-content/uploads/2018/08/518-350x350.png","Musharna","£58.00"
"502","https://scrapeme.live/shop/Pidove/","https://scrapeme.live/wp-content/uploads/2018/08/519-350x350.png","Pidove","£172.00"
"503","https://scrapeme.live/shop/Tranquill/","https://scrapeme.live/wp-content/uploads/2018/08/520-350x350.png","Tranquill","£199.00"
"504","https://scrapeme.live/shop/Unfezant/","https://scrapeme.live/wp-content/uploads/2018/08/521-350x350.png","Unfezant","£135.00"
"505","https://scrapeme.live/shop/Zebstrika/","https://scrapeme.live/wp-content/uploads/2018/08/523-350x350.png","Zebstrika","£138.00"
"506","https://scrapeme.live/shop/Roggenrola/","https://scrapeme.live/wp-content/uploads/2018/08/524-350x350.png","Roggenrola","£41.00"
"507","https://scrapeme.live/shop/Boldore/","https://scrapeme.live/wp-content/uploads/2018/08/525-350x350.png","Boldore","£76.00"
"508","https://scrapeme.live/shop/Gigalith/","https://scrapeme.live/wp-content/uploads/2018/08/526-350x350.png","Gigalith","£67.00"
"509","https://scrapeme.live/shop/Woobat/","https://scrapeme.live/wp-content/uploads/2018/08/527-350x350.png","Woobat","£27.00"
"510","https://scrapeme.live/shop/Swoobat/","https://scrapeme.live/wp-content/uploads/2018/08/528-350x350.png","Swoobat","£49.00"
"511","https://scrapeme.live/shop/Drilbur/","https://scrapeme.live/wp-content/uploads/2018/08/529-350x350.png","Drilbur","£132.00"
"512","https://scrapeme.live/shop/Excadrill/","https://scrapeme.live/wp-content/uploads/2018/08/530-350x350.png","Excadrill","£36.00"
"513","https://scrapeme.live/shop/Audino/","https://scrapeme.live/wp-content/uploads/2018/08/531-350x350.png","Audino","£95.00"
"514","https://scrapeme.live/shop/Timburr/","https://scrapeme.live/wp-content/uploads/2018/08/532-350x350.png","Timburr","£194.00"
"515","https://scrapeme.live/shop/Gurdurr/","https://scrapeme.live/wp-content/uploads/2018/08/533-350x350.png","Gurdurr","£179.00"
"516","https://scrapeme.live/shop/Conkeldurr/","https://scrapeme.live/wp-content/uploads/2018/08/534-350x350.png","Conkeldurr","£72.00"
"517","https://scrapeme.live/shop/Palpitoad/","https://scrapeme.live/wp-content/uploads/2018/08/536-350x350.png","Palpitoad","£117.00"
"518","https://scrapeme.live/shop/Seismitoad/","https://scrapeme.live/wp-content/uploads/2018/08/537-350x350.png","Seismitoad","£90.00"
"519","https://scrapeme.live/shop/Throh/","https://scrapeme.live/wp-content/uploads/2018/08/538-350x350.png","Throh","£43.00"
"520","https://scrapeme.live/shop/Sawk/","https://scrapeme.live/wp-content/uploads/2018/08/539-350x350.png","Sawk","£129.00"
"521","https://scrapeme.live/shop/Sewaddle/","https://scrapeme.live/wp-content/uploads/2018/08/540-350x350.png","Sewaddle","£40.00"
"522","https://scrapeme.live/shop/Swadloon/","https://scrapeme.live/wp-content/uploads/2018/08/541-350x350.png","Swadloon","£107.00"
"523","https://scrapeme.live/shop/Leavanny/","https://scrapeme.live/wp-content/uploads/2018/08/542-350x350.png","Leavanny","£130.00"
"524","https://scrapeme.live/shop/Venipede/","https://scrapeme.live/wp-content/uploads/2018/08/543-350x350.png","Venipede","£87.00"
"525","https://scrapeme.live/shop/Whirlipede/","https://scrapeme.live/wp-content/uploads/2018/08/544-350x350.png","Whirlipede","£84.00"
"526","https://scrapeme.live/shop/Scolipede/","https://scrapeme.live/wp-content/uploads/2018/08/545-350x350.png","Scolipede","£153.00"
"527","https://scrapeme.live/shop/Cottonee/","https://scrapeme.live/wp-content/uploads/2018/08/546-350x350.png","Cottonee","£77.00"
"528","https://scrapeme.live/shop/Whimsicott/","https://scrapeme.live/wp-content/uploads/2018/08/547-350x350.png","Whimsicott","£26.00"
"529","https://scrapeme.live/shop/Petilil/","https://scrapeme.live/wp-content/uploads/2018/08/548-350x350.png","Petilil","£118.00"
"530","https://scrapeme.live/shop/Lilligant/","https://scrapeme.live/wp-content/uploads/2018/08/549-350x350.png","Lilligant","£137.00"
"531","https://scrapeme.live/shop/Sandile/","https://scrapeme.live/wp-content/uploads/2018/08/551-350x350.png","Sandile","£136.00"
"532","https://scrapeme.live/shop/Krokorok/","https://scrapeme.live/wp-content/uploads/2018/08/552-350x350.png","Krokorok","£135.00"
"533","https://scrapeme.live/shop/Krookodile/","https://scrapeme.live/wp-content/uploads/2018/08/553-350x350.png","Krookodile","£185.00"
"534","https://scrapeme.live/shop/Darumaka/","https://scrapeme.live/wp-content/uploads/2018/08/554-350x350.png","Darumaka","£106.00"
"535","https://scrapeme.live/shop/Maractus/","https://scrapeme.live/wp-content/uploads/2018/08/556-350x350.png","Maractus","£31.00"
"536","https://scrapeme.live/shop/Dwebble/","https://scrapeme.live/wp-content/uploads/2018/08/557-350x350.png","Dwebble","£75.00"
"537","https://scrapeme.live/shop/Crustle/","https://scrapeme.live/wp-content/uploads/2018/08/558-350x350.png","Crustle","£105.00"
"538","https://scrapeme.live/shop/Scraggy/","https://scrapeme.live/wp-content/uploads/2018/08/559-350x350.png","Scraggy","£112.00"
"539","https://scrapeme.live/shop/Scrafty/","https://scrapeme.live/wp-content/uploads/2018/08/560-350x350.png","Scrafty","£137.00"
"540","https://scrapeme.live/shop/Sigilyph/","https://scrapeme.live/wp-content/uploads/2018/08/561-350x350.png","Sigilyph","£68.00"
"541","https://scrapeme.live/shop/Yamask/","https://scrapeme.live/wp-content/uploads/2018/08/562-350x350.png","Yamask","£171.00"
"542","https://scrapeme.live/shop/Cofagrigus/","https://scrapeme.live/wp-content/uploads/2018/08/563-350x350.png","Cofagrigus","£160.00"
"543","https://scrapeme.live/shop/Tirtouga/","https://scrapeme.live/wp-content/uploads/2018/08/564-350x350.png","Tirtouga","£60.00"
"544","https://scrapeme.live/shop/Carracosta/","https://scrapeme.live/wp-content/uploads/2018/08/565-350x350.png","Carracosta","£158.00"
"545","https://scrapeme.live/shop/Archen/","https://scrapeme.live/wp-content/uploads/2018/08/566-350x350.png","Archen","£140.00"
"546","https://scrapeme.live/shop/Archeops/","https://scrapeme.live/wp-content/uploads/2018/08/567-350x350.png","Archeops","£126.00"
"547","https://scrapeme.live/shop/Trubbish/","https://scrapeme.live/wp-content/uploads/2018/08/568-350x350.png","Trubbish","£169.00"
"548","https://scrapeme.live/shop/Garbodor/","https://scrapeme.live/wp-content/uploads/2018/08/569-350x350.png","Garbodor","£178.00"
"549","https://scrapeme.live/shop/Zorua/","https://scrapeme.live/wp-content/uploads/2018/08/570-350x350.png","Zorua","£81.00"
"550","https://scrapeme.live/shop/Minccino/","https://scrapeme.live/wp-content/uploads/2018/08/572-350x350.png","Minccino","£79.00"
"551","https://scrapeme.live/shop/Cinccino/","https://scrapeme.live/wp-content/uploads/2018/08/573-350x350.png","Cinccino","£154.00"
"552","https://scrapeme.live/shop/Gothita/","https://scrapeme.live/wp-content/uploads/2018/08/574-350x350.png","Gothita","£68.00"
"553","https://scrapeme.live/shop/Gothorita/","https://scrapeme.live/wp-content/uploads/2018/08/575-350x350.png","Gothorita","£189.00"
"554","https://scrapeme.live/shop/Gothitelle/","https://scrapeme.live/wp-content/uploads/2018/08/576-350x350.png","Gothitelle","£164.00"
"555","https://scrapeme.live/shop/Solosis/","https://scrapeme.live/wp-content/uploads/2018/08/577-350x350.png","Solosis","£134.00"
"556","https://scrapeme.live/shop/Duosion/","https://scrapeme.live/wp-content/uploads/2018/08/578-350x350.png","Duosion","£71.00"
"557","https://scrapeme.live/shop/Reuniclus/","https://scrapeme.live/wp-content/uploads/2018/08/579-350x350.png","Reuniclus","£168.00"
"558","https://scrapeme.live/shop/Ducklett/","https://scrapeme.live/wp-content/uploads/2018/08/580-350x350.png","Ducklett","£159.00"
"559","https://scrapeme.live/shop/Swanna/","https://scrapeme.live/wp-content/uploads/2018/08/581-350x350.png","Swanna","£36.00"
"560","https://scrapeme.live/shop/Vanillite/","https://scrapeme.live/wp-content/uploads/2018/08/582-350x350.png","Vanillite","£108.00"
"561","https://scrapeme.live/shop/Vanillish/","https://scrapeme.live/wp-content/uploads/2018/08/583-350x350.png","Vanillish","£93.00"
"562","https://scrapeme.live/shop/Vanilluxe/","https://scrapeme.live/wp-content/uploads/2018/08/584-350x350.png","Vanilluxe","£89.00"
"563","https://scrapeme.live/shop/Deerling/","https://scrapeme.live/wp-content/uploads/2018/08/585-350x350.png","Deerling","£141.00"
"564","https://scrapeme.live/shop/Sawsbuck/","https://scrapeme.live/wp-content/uploads/2018/08/586-350x350.png","Sawsbuck","£76.00"
"565","https://scrapeme.live/shop/Karrablast/","https://scrapeme.live/wp-content/uploads/2018/08/588-350x350.png","Karrablast","£41.00"
"566","https://scrapeme.live/shop/Escavalier/","https://scrapeme.live/wp-content/uploads/2018/08/589-350x350.png","Escavalier","£189.00"
"567","https://scrapeme.live/shop/Foongus/","https://scrapeme.live/wp-content/uploads/2018/08/590-350x350.png","Foongus","£129.00"
"568","https://scrapeme.live/shop/Frillish/","https://scrapeme.live/wp-content/uploads/2018/08/592-350x350.png","Frillish","£63.00"
"569","https://scrapeme.live/shop/Jellicent/","https://scrapeme.live/wp-content/uploads/2018/08/593-350x350.png","Jellicent","£114.00"
"570","https://scrapeme.live/shop/Alomomola/","https://scrapeme.live/wp-content/uploads/2018/08/594-350x350.png","Alomomola","£35.00"
"571","https://scrapeme.live/shop/Joltik/","https://scrapeme.live/wp-content/uploads/2018/08/595-350x350.png","Joltik","£59.00"
"572","https://scrapeme.live/shop/Galvantula/","https://scrapeme.live/wp-content/uploads/2018/08/596-350x350.png","Galvantula","£57.00"
"573","https://scrapeme.live/shop/Ferroseed/","https://scrapeme.live/wp-content/uploads/2018/08/597-350x350.png","Ferroseed","£81.00"
"574","https://scrapeme.live/shop/Ferrothorn/","https://scrapeme.live/wp-content/uploads/2018/08/598-350x350.png","Ferrothorn","£182.00"
"575","https://scrapeme.live/shop/Klink/","https://scrapeme.live/wp-content/uploads/2018/08/599-350x350.png","Klink","£75.00"
"576","https://scrapeme.live/shop/Klang/","https://scrapeme.live/wp-content/uploads/2018/08/600-350x350.png","Klang","£162.00"
"577","https://scrapeme.live/shop/Klinklang/","https://scrapeme.live/wp-content/uploads/2018/08/601-350x350.png","Klinklang","£178.00"
"578","https://scrapeme.live/shop/Tynamo/","https://scrapeme.live/wp-content/uploads/2018/08/602-350x350.png","Tynamo","£82.00"
"579","https://scrapeme.live/shop/Eelektrik/","https://scrapeme.live/wp-content/uploads/2018/08/603-350x350.png","Eelektrik","£198.00"
"580","https://scrapeme.live/shop/Eelektross/","https://scrapeme.live/wp-content/uploads/2018/08/604-350x350.png","Eelektross","£123.00"
"581","https://scrapeme.live/shop/Elgyem/","https://scrapeme.live/wp-content/uploads/2018/08/605-350x350.png","Elgyem","£107.00"
"582","https://scrapeme.live/shop/Beheeyem/","https://scrapeme.live/wp-content/uploads/2018/08/606-350x350.png","Beheeyem","£34.00"
"583","https://scrapeme.live/shop/Litwick/","https://scrapeme.live/wp-content/uploads/2018/08/607-350x350.png","Litwick","£37.00"
"584","https://scrapeme.live/shop/Lampent/","https://scrapeme.live/wp-content/uploads/2018/08/608-350x350.png","Lampent","£157.00"
"585","https://scrapeme.live/shop/Axew/","https://scrapeme.live/wp-content/uploads/2018/08/610-350x350.png","Axew","£123.00"
"586","https://scrapeme.live/shop/Fraxure/","https://scrapeme.live/wp-content/uploads/2018/08/611-350x350.png","Fraxure","£64.00"
"587","https://scrapeme.live/shop/Haxorus/","https://scrapeme.live/wp-content/uploads/2018/08/612-350x350.png","Haxorus","£135.00"
"588","https://scrapeme.live/shop/Cubchoo/","https://scrapeme.live/wp-content/uploads/2018/08/613-350x350.png","Cubchoo","£62.00"
"589","https://scrapeme.live/shop/Beartic/","https://scrapeme.live/wp-content/uploads/2018/08/614-350x350.png","Beartic","£28.00"
"590","https://scrapeme.live/shop/Cryogonal/","https://scrapeme.live/wp-content/uploads/2018/08/615-350x350.png","Cryogonal","£72.00"
"591","https://scrapeme.live/shop/Shelmet/","https://scrapeme.live/wp-content/uploads/2018/08/616-350x350.png","Shelmet","£190.00"
"592","https://scrapeme.live/shop/Accelgor/","https://scrapeme.live/wp-content/uploads/2018/08/617-350x350.png","Accelgor","£129.00"
"593","https://scrapeme.live/shop/Stunfisk/","https://scrapeme.live/wp-content/uploads/2018/08/618-350x350.png","Stunfisk","£67.00"
"594","https://scrapeme.live/shop/Mienfoo/","https://scrapeme.live/wp-content/uploads/2018/08/619-350x350.png","Mienfoo","£197.00"
"595","https://scrapeme.live/shop/Mienshao/","https://scrapeme.live/wp-content/uploads/2018/08/620-350x350.png","Mienshao","£50.00"
"596","https://scrapeme.live/shop/Druddigon/","https://scrapeme.live/wp-content/uploads/2018/08/621-350x350.png","Druddigon","£110.00"
"597","https://scrapeme.live/shop/Golett/","https://scrapeme.live/wp-content/uploads/2018/08/622-350x350.png","Golett","£89.00"
"598","https://scrapeme.live/shop/Golurk/","https://scrapeme.live/wp-content/uploads/2018/08/623-350x350.png","Golurk","£74.00"
"599","https://scrapeme.live/shop/Pawniard/","https://scrapeme.live/wp-content/uploads/2018/08/624-350x350.png","Pawniard","£37.00"
"600","https://scrapeme.live/shop/Bisharp/","https://scrapeme.live/wp-content/uploads/2018/08/625-350x350.png","Bisharp","£129.00"
"601","https://scrapeme.live/shop/Bouffalant/","https://scrapeme.live/wp-content/uploads/2018/08/626-350x350.png","Bouffalant","£59.00"
"602","https://scrapeme.live/shop/Rufflet/","https://scrapeme.live/wp-content/uploads/2018/08/627-350x350.png","Rufflet","£60.00"
"603","https://scrapeme.live/shop/Braviary/","https://scrapeme.live/wp-content/uploads/2018/08/628-350x350.png","Braviary","£83.00"
"604","https://scrapeme.live/shop/Vullaby/","https://scrapeme.live/wp-content/uploads/2018/08/629-350x350.png","Vullaby","£61.00"
"605","https://scrapeme.live/shop/Mandibuzz/","https://scrapeme.live/wp-content/uploads/2018/08/630-350x350.png","Mandibuzz","£89.00"
"606","https://scrapeme.live/shop/Heatmor/","https://scrapeme.live/wp-content/uploads/2018/08/631-350x350.png","Heatmor","£81.00"
"607","https://scrapeme.live/shop/Durant/","https://scrapeme.live/wp-content/uploads/2018/08/632-350x350.png","Durant","£28.00"
"608","https://scrapeme.live/shop/Deino/","https://scrapeme.live/wp-content/uploads/2018/08/633-350x350.png","Deino","£63.00"
"609","https://scrapeme.live/shop/Zweilous/","https://scrapeme.live/wp-content/uploads/2018/08/634-350x350.png","Zweilous","£199.00"
"610","https://scrapeme.live/shop/Hydreigon/","https://scrapeme.live/wp-content/uploads/2018/08/635-350x350.png","Hydreigon","£86.00"
"611","https://scrapeme.live/shop/Volcarona/","https://scrapeme.live/wp-content/uploads/2018/08/637-350x350.png","Volcarona","£94.00"
"612","https://scrapeme.live/shop/Cobalion/","https://scrapeme.live/wp-content/uploads/2018/08/638-350x350.png","Cobalion","£111.00"
"613","https://scrapeme.live/shop/Terrakion/","https://scrapeme.live/wp-content/uploads/2018/08/639-350x350.png","Terrakion","£87.00"
"614","https://scrapeme.live/shop/Virizion/","https://scrapeme.live/wp-content/uploads/2018/08/640-350x350.png","Virizion","£156.00"
"615","https://scrapeme.live/shop/Reshiram/","https://scrapeme.live/wp-content/uploads/2018/08/643-350x350.png","Reshiram","£147.00"
"616","https://scrapeme.live/shop/Zekrom/","https://scrapeme.live/wp-content/uploads/2018/08/644-350x350.png","Zekrom","£135.00"
"617","https://scrapeme.live/shop/Genesect/","https://scrapeme.live/wp-content/uploads/2018/08/649-350x350.png","Genesect","£173.00"
"618","https://scrapeme.live/shop/Chespin/","https://scrapeme.live/wp-content/uploads/2018/08/650-350x350.png","Chespin","£185.00"
"619","https://scrapeme.live/shop/Quilladin/","https://scrapeme.live/wp-content/uploads/2018/08/651-350x350.png","Quilladin","£161.00"
"620","https://scrapeme.live/shop/Chesnaught/","https://scrapeme.live/wp-content/uploads/2018/08/652-350x350.png","Chesnaught","£96.00"
"621","https://scrapeme.live/shop/Fennekin/","https://scrapeme.live/wp-content/uploads/2018/08/653-350x350.png","Fennekin","£123.00"
"622","https://scrapeme.live/shop/Braixen/","https://scrapeme.live/wp-content/uploads/2018/08/654-350x350.png","Braixen","£59.00"
"623","https://scrapeme.live/shop/Delphox/","https://scrapeme.live/wp-content/uploads/2018/08/655-350x350.png","Delphox","£170.00"
"624","https://scrapeme.live/shop/Froakie/","https://scrapeme.live/wp-content/uploads/2018/08/656-350x350.png","Froakie","£38.00"
"625","https://scrapeme.live/shop/Frogadier/","https://scrapeme.live/wp-content/uploads/2018/08/657-350x350.png","Frogadier","£125.00"
"626","https://scrapeme.live/shop/Greninja/","https://scrapeme.live/wp-content/uploads/2018/08/658-350x350.png","Greninja","£42.00"
"627","https://scrapeme.live/shop/Bunnelby/","https://scrapeme.live/wp-content/uploads/2018/08/659-350x350.png","Bunnelby","£66.00"
"628","https://scrapeme.live/shop/Fletchling/","https://scrapeme.live/wp-content/uploads/2018/08/661-350x350.png","Fletchling","£43.00"
"629","https://scrapeme.live/shop/Fletchinder/","https://scrapeme.live/wp-content/uploads/2018/08/662-350x350.png","Fletchinder","£147.00"
"630","https://scrapeme.live/shop/Talonflame/","https://scrapeme.live/wp-content/uploads/2018/08/663-350x350.png","Talonflame","£84.00"
"631","https://scrapeme.live/shop/Scatterbug/","https://scrapeme.live/wp-content/uploads/2018/08/664-350x350.png","Scatterbug","£40.00"
"632","https://scrapeme.live/shop/Spewpa/","https://scrapeme.live/wp-content/uploads/2018/08/665-350x350.png","Spewpa","£155.00"
"633","https://scrapeme.live/shop/Vivillon/","https://scrapeme.live/wp-content/uploads/2018/08/666-350x350.png","Vivillon","£177.00"
"634","https://scrapeme.live/shop/Litleo/","https://scrapeme.live/wp-content/uploads/2018/08/667-350x350.png","Litleo","£34.00"
"635","https://scrapeme.live/shop/Pyroar/","https://scrapeme.live/wp-content/uploads/2018/08/668-350x350.png","Pyroar","£127.00"
"636","https://scrapeme.live/shop/Flabebe/","https://scrapeme.live/wp-content/uploads/2018/08/669-350x350.png","Flabebe","£79.00"
"637","https://scrapeme.live/shop/Floette/","https://scrapeme.live/wp-content/uploads/2018/08/670-350x350.png","Floette","£149.00"
"638","https://scrapeme.live/shop/Florges/","https://scrapeme.live/wp-content/uploads/2018/08/671-350x350.png","Florges","£93.00"
"639","https://scrapeme.live/shop/Skiddo/","https://scrapeme.live/wp-content/uploads/2018/08/672-350x350.png","Skiddo","£129.00"
"640","https://scrapeme.live/shop/Gogoat/","https://scrapeme.live/wp-content/uploads/2018/08/673-350x350.png","Gogoat","£97.00"
"641","https://scrapeme.live/shop/Pangoro/","https://scrapeme.live/wp-content/uploads/2018/08/675-350x350.png","Pangoro","£76.00"
"642","https://scrapeme.live/shop/Furfrou/","https://scrapeme.live/wp-content/uploads/2018/08/676-350x350.png","Furfrou","£165.00"
"643","https://scrapeme.live/shop/Espurr/","https://scrapeme.live/wp-content/uploads/2018/08/677-350x350.png","Espurr","£149.00"
"644","https://scrapeme.live/shop/Honedge/","https://scrapeme.live/wp-content/uploads/2018/08/679-350x350.png","Honedge","£101.00"
"645","https://scrapeme.live/shop/Doublade/","https://scrapeme.live/wp-content/uploads/2018/08/680-350x350.png","Doublade","£164.00"
"646","https://scrapeme.live/shop/Spritzee/","https://scrapeme.live/wp-content/uploads/2018/08/682-350x350.png","Spritzee","£58.00"
"647","https://scrapeme.live/shop/Aromatisse/","https://scrapeme.live/wp-content/uploads/2018/08/683-350x350.png","Aromatisse","£194.00"
"648","https://scrapeme.live/shop/Swirlix/","https://scrapeme.live/wp-content/uploads/2018/08/684-350x350.png","Swirlix","£90.00"
"649","https://scrapeme.live/shop/Slurpuff/","https://scrapeme.live/wp-content/uploads/2018/08/685-350x350.png","Slurpuff","£66.00"
"650","https://scrapeme.live/shop/Inkay/","https://scrapeme.live/wp-content/uploads/2018/08/686-350x350.png","Inkay","£38.00"
"651","https://scrapeme.live/shop/Malamar/","https://scrapeme.live/wp-content/uploads/2018/08/687-350x350.png","Malamar","£58.00"
"652","https://scrapeme.live/shop/Binacle/","https://scrapeme.live/wp-content/uploads/2018/08/688-350x350.png","Binacle","£102.00"
"653","https://scrapeme.live/shop/Barbaracle/","https://scrapeme.live/wp-content/uploads/2018/08/689-350x350.png","Barbaracle","£165.00"
"654","https://scrapeme.live/shop/Skrelp/","https://scrapeme.live/wp-content/uploads/2018/08/690-350x350.png","Skrelp","£63.00"
"655","https://scrapeme.live/shop/Dragalge/","https://scrapeme.live/wp-content/uploads/2018/08/691-350x350.png","Dragalge","£151.00"
"656","https://scrapeme.live/shop/Clauncher/","https://scrapeme.live/wp-content/uploads/2018/08/692-350x350.png","Clauncher","£29.00"
"657","https://scrapeme.live/shop/Clawitzer/","https://scrapeme.live/wp-content/uploads/2018/08/693-350x350.png","Clawitzer","£69.00"
"658","https://scrapeme.live/shop/Helioptile/","https://scrapeme.live/wp-content/uploads/2018/08/694-350x350.png","Helioptile","£62.00"
"659","https://scrapeme.live/shop/Heliolisk/","https://scrapeme.live/wp-content/uploads/2018/08/695-350x350.png","Heliolisk","£83.00"
"660","https://scrapeme.live/shop/Tyrunt/","https://scrapeme.live/wp-content/uploads/2018/08/696-350x350.png","Tyrunt","£62.00"
"661","https://scrapeme.live/shop/Tyrantrum/","https://scrapeme.live/wp-content/uploads/2018/08/697-350x350.png","Tyrantrum","£26.00"
"662","https://scrapeme.live/shop/Amaura/","https://scrapeme.live/wp-content/uploads/2018/08/698-350x350.png","Amaura","£155.00"
"663","https://scrapeme.live/shop/Aurorus/","https://scrapeme.live/wp-content/uploads/2018/08/699-350x350.png","Aurorus","£189.00"
"664","https://scrapeme.live/shop/Sylveon/","https://scrapeme.live/wp-content/uploads/2018/08/700-350x350.png","Sylveon","£48.00"
"665","https://scrapeme.live/shop/Hawlucha/","https://scrapeme.live/wp-content/uploads/2018/08/701-350x350.png","Hawlucha","£44.00"
"666","https://scrapeme.live/shop/Dedenne/","https://scrapeme.live/wp-content/uploads/2018/08/702-350x350.png","Dedenne","£118.00"
"667","https://scrapeme.live/shop/Carbink/","https://scrapeme.live/wp-content/uploads/2018/08/703-350x350.png","Carbink","£171.00"
"668","https://scrapeme.live/shop/Goomy/","https://scrapeme.live/wp-content/uploads/2018/08/704-350x350.png","Goomy","£110.00"
"669","https://scrapeme.live/shop/Sliggoo/","https://scrapeme.live/wp-content/uploads/2018/08/705-350x350.png","Sliggoo","£109.00"
"670","https://scrapeme.live/shop/Goodra/","https://scrapeme.live/wp-content/uploads/2018/08/706-350x350.png","Goodra","£192.00"
"671","https://scrapeme.live/shop/Klefki/","https://scrapeme.live/wp-content/uploads/2018/08/707-350x350.png","Klefki","£179.00"
"672","https://scrapeme.live/shop/Trevenant/","https://scrapeme.live/wp-content/uploads/2018/08/709-350x350.png","Trevenant","£53.00"
"673","https://scrapeme.live/shop/Bergmite/","https://scrapeme.live/wp-content/uploads/2018/08/712-350x350.png","Bergmite","£119.00"
"674","https://scrapeme.live/shop/Avalugg/","https://scrapeme.live/wp-content/uploads/2018/08/713-350x350.png","Avalugg","£71.00"
"675","https://scrapeme.live/shop/Noibat/","https://scrapeme.live/wp-content/uploads/2018/08/714-350x350.png","Noibat","£126.00"
"676","https://scrapeme.live/shop/Noivern/","https://scrapeme.live/wp-content/uploads/2018/08/715-350x350.png","Noivern","£75.00"
"677","https://scrapeme.live/shop/Xerneas/","https://scrapeme.live/wp-content/uploads/2018/08/716-350x350.png","Xerneas","£30.00"
"678","https://scrapeme.live/shop/Yveltal/","https://scrapeme.live/wp-content/uploads/2018/08/717-350x350.png","Yveltal","£59.00"
"679","https://scrapeme.live/shop/Zygarde/","https://scrapeme.live/wp-content/uploads/2018/08/718-350x350.png","Zygarde","£83.00"
"680","https://scrapeme.live/shop/Diancie/","https://scrapeme.live/wp-content/uploads/2018/08/719-350x350.png","Diancie","£27.00"
"681","https://scrapeme.live/shop/Hoopa/","https://scrapeme.live/wp-content/uploads/2018/08/720-350x350.png","Hoopa","£189.00"
"682","https://scrapeme.live/shop/Volcanion/","https://scrapeme.live/wp-content/uploads/2018/08/721-350x350.png","Volcanion","£45.00"
"683","https://scrapeme.live/shop/Dartrix/","https://scrapeme.live/wp-content/uploads/2018/08/723-350x350.png","Dartrix","£169.00"
"684","https://scrapeme.live/shop/Decidueye/","https://scrapeme.live/wp-content/uploads/2018/08/724-350x350.png","Decidueye","£106.00"
"685","https://scrapeme.live/shop/Litten/","https://scrapeme.live/wp-content/uploads/2018/08/725-350x350.png","Litten","£132.00"
"686","https://scrapeme.live/shop/Torracat/","https://scrapeme.live/wp-content/uploads/2018/08/726-350x350.png","Torracat","£184.00"
"687","https://scrapeme.live/shop/Incineroar/","https://scrapeme.live/wp-content/uploads/2018/08/727-350x350.png","Incineroar","£36.00"
"688","https://scrapeme.live/shop/Popplio/","https://scrapeme.live/wp-content/uploads/2018/08/728-350x350.png","Popplio","£158.00"
"689","https://scrapeme.live/shop/Brionne/","https://scrapeme.live/wp-content/uploads/2018/08/729-350x350.png","Brionne","£172.00"
"690","https://scrapeme.live/shop/Primarina/","https://scrapeme.live/wp-content/uploads/2018/08/730-350x350.png","Primarina","£143.00"
"691","https://scrapeme.live/shop/Pikipek/","https://scrapeme.live/wp-content/uploads/2018/08/731-350x350.png","Pikipek","£51.00"
"692","https://scrapeme.live/shop/Trumbeak/","https://scrapeme.live/wp-content/uploads/2018/08/732-350x350.png","Trumbeak","£59.00"
"693","https://scrapeme.live/shop/Toucannon/","https://scrapeme.live/wp-content/uploads/2018/08/733-350x350.png","Toucannon","£77.00"
"694","https://scrapeme.live/shop/Yungoos/","https://scrapeme.live/wp-content/uploads/2018/08/734-350x350.png","Yungoos","£159.00"
"695","https://scrapeme.live/shop/Gumshoos/","https://scrapeme.live/wp-content/uploads/2018/08/735-350x350.png","Gumshoos","£123.00"
"696","https://scrapeme.live/shop/Grubbin/","https://scrapeme.live/wp-content/uploads/2018/08/736-350x350.png","Grubbin","£77.00"
"697","https://scrapeme.live/shop/Charjabug/","https://scrapeme.live/wp-content/uploads/2018/08/737-350x350.png","Charjabug","£76.00"
"698","https://scrapeme.live/shop/Vikavolt/","https://scrapeme.live/wp-content/uploads/2018/08/738-350x350.png","Vikavolt","£88.00"
"699","https://scrapeme.live/shop/Crabrawler/","https://scrapeme.live/wp-content/uploads/2018/08/739-350x350.png","Crabrawler","£181.00"
"700","https://scrapeme.live/shop/Crabominable/","https://scrapeme.live/wp-content/uploads/2018/08/740-350x350.png","Crabominable","£65.00"
"701","https://scrapeme.live/shop/Cutiefly/","https://scrapeme.live/wp-content/uploads/2018/08/742-350x350.png","Cutiefly","£118.00"
"702","https://scrapeme.live/shop/Ribombee/","https://scrapeme.live/wp-content/uploads/2018/08/743-350x350.png","Ribombee","£100.00"
"703","https://scrapeme.live/shop/Rockruff/","https://scrapeme.live/wp-content/uploads/2018/08/744-350x350.png","Rockruff","£149.00"
"704","https://scrapeme.live/shop/Mareanie/","https://scrapeme.live/wp-content/uploads/2018/08/747-350x350.png","Mareanie","£47.00"
"705","https://scrapeme.live/shop/Toxapex/","https://scrapeme.live/wp-content/uploads/2018/08/748-350x350.png","Toxapex","£91.00"
"706","https://scrapeme.live/shop/Mudbray/","https://scrapeme.live/wp-content/uploads/2018/08/749-350x350.png","Mudbray","£96.00"
"707","https://scrapeme.live/shop/Mudsdale/","https://scrapeme.live/wp-content/uploads/2018/08/750-350x350.png","Mudsdale","£111.00"
"708","https://scrapeme.live/shop/Dewpider/","https://scrapeme.live/wp-content/uploads/2018/08/751-350x350.png","Dewpider","£84.00"
"709","https://scrapeme.live/shop/Araquanid/","https://scrapeme.live/wp-content/uploads/2018/08/752-350x350.png","Araquanid","£48.00"
"710","https://scrapeme.live/shop/Fomantis/","https://scrapeme.live/wp-content/uploads/2018/08/753-350x350.png","Fomantis","£104.00"
"711","https://scrapeme.live/shop/Lurantis/","https://scrapeme.live/wp-content/uploads/2018/08/754-350x350.png","Lurantis","£159.00"
"712","https://scrapeme.live/shop/Morelull/","https://scrapeme.live/wp-content/uploads/2018/08/755-350x350.png","Morelull","£87.00"
"713","https://scrapeme.live/shop/Shiinotic/","https://scrapeme.live/wp-content/uploads/2018/08/756-350x350.png","Shiinotic","£75.00"
"714","https://scrapeme.live/shop/Salandit/","https://scrapeme.live/wp-content/uploads/2018/08/757-350x350.png","Salandit","£158.00"
"715","https://scrapeme.live/shop/Salazzle/","https://scrapeme.live/wp-content/uploads/2018/08/758-350x350.png","Salazzle","£166.00"
"716","https://scrapeme.live/shop/Stufful/","https://scrapeme.live/wp-content/uploads/2018/08/759-350x350.png","Stufful","£70.00"
"717","https://scrapeme.live/shop/Bewear/","https://scrapeme.live/wp-content/uploads/2018/08/760-350x350.png","Bewear","£117.00"
"718","https://scrapeme.live/shop/Bounsweet/","https://scrapeme.live/wp-content/uploads/2018/08/761-350x350.png","Bounsweet","£193.00"
"719","https://scrapeme.live/shop/Steenee/","https://scrapeme.live/wp-content/uploads/2018/08/762-350x350.png","Steenee","£27.00"
"720","https://scrapeme.live/shop/Tsareena/","https://scrapeme.live/wp-content/uploads/2018/08/763-350x350.png","Tsareena","£186.00"
"721","https://scrapeme.live/shop/Comfey/","https://scrapeme.live/wp-content/uploads/2018/08/764-350x350.png","Comfey","£28.00"
"722","https://scrapeme.live/shop/Oranguru/","https://scrapeme.live/wp-content/uploads/2018/08/765-350x350.png","Oranguru","£139.00"
"723","https://scrapeme.live/shop/Passimian/","https://scrapeme.live/wp-content/uploads/2018/08/766-350x350.png","Passimian","£182.00"
"724","https://scrapeme.live/shop/Wimpod/","https://scrapeme.live/wp-content/uploads/2018/08/767-350x350.png","Wimpod","£137.00"
"725","https://scrapeme.live/shop/Golisopod/","https://scrapeme.live/wp-content/uploads/2018/08/768-350x350.png","Golisopod","£32.00"
"726","https://scrapeme.live/shop/Sandygast/","https://scrapeme.live/wp-content/uploads/2018/08/769-350x350.png","Sandygast","£131.00"
"727","https://scrapeme.live/shop/Palossand/","https://scrapeme.live/wp-content/uploads/2018/08/770-350x350.png","Palossand","£187.00"
"728","https://scrapeme.live/shop/Pyukumuku/","https://scrapeme.live/wp-content/uploads/2018/08/771-350x350.png","Pyukumuku","£97.00"
"729","https://scrapeme.live/shop/Silvally/","https://scrapeme.live/wp-content/uploads/2018/08/773-350x350.png","Silvally","£133.00"
"730","https://scrapeme.live/shop/Komala/","https://scrapeme.live/wp-content/uploads/2018/08/775-350x350.png","Komala","£65.00"
"731","https://scrapeme.live/shop/Turtonator/","https://scrapeme.live/wp-content/uploads/2018/08/776-350x350.png","Turtonator","£117.00"
"732","https://scrapeme.live/shop/Togedemaru/","https://scrapeme.live/wp-content/uploads/2018/08/777-350x350.png","Togedemaru","£45.00"
"733","https://scrapeme.live/shop/Drampa/","https://scrapeme.live/wp-content/uploads/2018/08/780-350x350.png","Drampa","£133.00"
"734","https://scrapeme.live/shop/Jangmo-o/","https://scrapeme.live/wp-content/uploads/2018/08/782-350x350.png","Jangmo-o","£107.00"
"735","https://scrapeme.live/shop/Hakamo-o/","https://scrapeme.live/wp-content/uploads/2018/08/783-350x350.png","Hakamo-o","£57.00"
"736","https://scrapeme.live/shop/Kommo-o/","https://scrapeme.live/wp-content/uploads/2018/08/784-350x350.png","Kommo-o","£170.00"
"737","https://scrapeme.live/shop/Tapu-koko/","https://scrapeme.live/wp-content/uploads/2018/08/785-350x350.png","Tapu-koko","£159.00"
"738","https://scrapeme.live/shop/Tapu-lele/","https://scrapeme.live/wp-content/uploads/2018/08/786-350x350.png","Tapu-lele","£62.00"
"739","https://scrapeme.live/shop/Tapu-bulu/","https://scrapeme.live/wp-content/uploads/2018/08/787-350x350.png","Tapu-bulu","£165.00"
"740","https://scrapeme.live/shop/Tapu-fini/","https://scrapeme.live/wp-content/uploads/2018/08/788-350x350.png","Tapu-fini","£123.00"
"741","https://scrapeme.live/shop/Solgaleo/","https://scrapeme.live/wp-content/uploads/2018/08/791-350x350.png","Solgaleo","£125.00"
"742","https://scrapeme.live/shop/Lunala/","https://scrapeme.live/wp-content/uploads/2018/08/792-350x350.png","Lunala","£58.00"
"743","https://scrapeme.live/shop/Nihilego/","https://scrapeme.live/wp-content/uploads/2018/08/793-350x350.png","Nihilego","£67.00"
"744","https://scrapeme.live/shop/Buzzwole/","https://scrapeme.live/wp-content/uploads/2018/08/794-350x350.png","Buzzwole","£172.00"
"745","https://scrapeme.live/shop/Pheromosa/","https://scrapeme.live/wp-content/uploads/2018/08/795-350x350.png","Pheromosa","£62.00"
"746","https://scrapeme.live/shop/Xurkitree/","https://scrapeme.live/wp-content/uploads/2018/08/796-350x350.png","Xurkitree","£174.00"
"747","https://scrapeme.live/shop/Celesteela/","https://scrapeme.live/wp-content/uploads/2018/08/797-350x350.png","Celesteela","£151.00"
"748","https://scrapeme.live/shop/Kartana/","https://scrapeme.live/wp-content/uploads/2018/08/798-350x350.png","Kartana","£197.00"
"749","https://scrapeme.live/shop/Guzzlord/","https://scrapeme.live/wp-content/uploads/2018/08/799-350x350.png","Guzzlord","£73.00"
"750","https://scrapeme.live/shop/Necrozma/","https://scrapeme.live/wp-content/uploads/2018/08/800-350x350.png","Necrozma","£68.00"
"751","https://scrapeme.live/shop/Marshadow/","https://scrapeme.live/wp-content/uploads/2018/08/802-350x350.png","Marshadow","£107.00"
"752","https://scrapeme.live/shop/Poipole/","https://scrapeme.live/wp-content/uploads/2018/08/803-350x350.png","Poipole","£130.00"
"753","https://scrapeme.live/shop/Naganadel/","https://scrapeme.live/wp-content/uploads/2018/08/804-350x350.png","Naganadel","£30.00"
"754","https://scrapeme.live/shop/Stakataka/","https://scrapeme.live/wp-content/uploads/2018/08/805-350x350.png","Stakataka","£190.00"
"755","https://scrapeme.live/shop/Blacephalon/","https://scrapeme.live/wp-content/uploads/2018/08/806-350x350.png","Blacephalon","£149.00"
